url,description,title
https://www.omgubuntu.co.uk/tag/appupdates,"Here are the latest batch of Linux app updates, with new features distilled into an easily digestible format. Plus, instructions on how to install them too.",App Updates Archives - OMG! Ubuntu!
https://www.omgubuntu.co.uk/2021/12/audacity-gives-user-a-xmas-gift-50x-faster-project-loading,"Big performance improvements are on offer in the latest update to Audacity, the open source audio editor, as well as new shortcuts and several UI tweaks.",Audacity Delivers an Early Xmas Present: 50x Faster Project Loading - OMG! Ubuntu!
https://www.omgubuntu.co.uk/2021/12/maui-shell-convergent-desktop-for-linux-devices,The Maui Project recently shared designs for a new convergent Linux shell that will work across mobile devices and regular desktops — and it really fires,Maui Shell is a Beautiful Vision for the Future of Linux - OMG! Ubuntu!
https://www.omgubuntu.co.uk/2021/12/enlightenment-desktop-0-25-release,"Fans of the Enlightenment desktop need to check out the new Enlightenment 0.25 release. It includes a new look, fingerprint support, and more.",The Enlightenment Desktop Just Got a Big Update - OMG! Ubuntu!
https://www.omgubuntu.co.uk/2021/12/libadwaita-1-0-arrives-to-kickstart-a-new-era-of-gtk-app-development,"It's big, bold, and controversial – and it's now here. Libadwaita 1.0 has been released. Learn why it's a big deal, and what it could mean for Ubuntu.",Libadwaita 1.0 Arrives to Kickstart a New Era of GTK App Development - OMG! Ubuntu!
https://www.kaskus.co.id/,"Forum diskusi hobi, rumah ribuan komunitas dan pusat jual beli barang hobi di Indonesia.","KASKUS - Berbagi Hobi, Berkomunitas"
https://outlook.live.com/owa/azis.naufal@gmail.com/startupdata.ashx?app=Opx&n=0,"Get free Outlook email and calendar, plus Office Online apps like Word, Excel and PowerPoint. Sign in to access your Outlook, Hotmail or Live email account.",Outlook – free personal email and calendar from Microsoft
https://www.betclic.com/en/sports-betting/,Enjoy Online Betting on all the major Sports events and Live Matches with Betclic ! All the statistics and updated Odds for more than 20 Sports. Register Now !,"Online Sports Betting Football, Tennis, Basketball, Ice Hockey"
https://www.betfair.com/sport/home,Bet online with Betfair Sportsbook and browse our great selection of sports betting odds. ✓Bet In-Play ✓Cash Out ✓Sports Betting Odds,Online Sports Betting & Odds » Bet with Betfair™ Sportsbook
https://www.betfair.com/sport/football/mexican-liga-mx/san-luis-v-pachuca/31143180?selectedGroup=65921&xsrftoken=04b38601-6c8f-11ec-90f8-fa163e3ac897,Bet on Football with Betfair™ Sportsbook and browse Football betting odds on your favourite markets. ✓Bet In-Play ✓Cash Out ✓Football Betting Odds,Football Betting & Football Odds Online » Betfair™ Sportsbook
https://www.betfair.com/sport/ice-hockey/russian-khl/hc-red-star-kunlun-v-severstal-cherepovets/31153918?selectedGroup=-78637064&xsrftoken=04b38601-6c8f-11ec-90f8-fa163e3ac897,Bet on Ice Hockey with Betfair™ Sportsbook and browse Ice Hockey betting odds on your favourite markets. ✓Bet In-Play ✓Cash Out ✓Ice Hockey Betting Odds,Ice Hockey Betting & Ice Hockey Odds Online » Betfair™ Sportsbook
https://www.betfair.com/sport/football/english-fa-cup/millwall-v-crystal-palace/31144152?selectedGroup=65921&xsrftoken=04b38601-6c8f-11ec-90f8-fa163e3ac897,Bet on Football with Betfair™ Sportsbook and browse Football betting odds on your favourite markets. ✓Bet In-Play ✓Cash Out ✓Football Betting Odds,Football Betting & Football Odds Online » Betfair™ Sportsbook
https://www.betfair.com/sport/football/spanish-copa-del-rey/sporting-gijon-v-villarreal/31144639?selectedGroup=65921&xsrftoken=04b38601-6c8f-11ec-90f8-fa163e3ac897,Bet on Football with Betfair™ Sportsbook and browse Football betting odds on your favourite markets. ✓Bet In-Play ✓Cash Out ✓Football Betting Odds,Football Betting & Football Odds Online » Betfair™ Sportsbook
https://www.betfair.com/sport/tennis/wta-melbourne-summer-set-1-2022/s-zhang-v-burel/31155538?selectedGroup=-78637064&xsrftoken=04b38601-6c8f-11ec-90f8-fa163e3ac897,Bet on Tennis with Betfair™ Sportsbook and browse Tennis betting odds on your favourite markets. ✓Bet In-Play ✓Cash Out ✓Tennis Betting Odds,Tennis Betting & Tennis Odds » Betfair™ Sportsbook
https://www.betfair.com/sport/table-tennis/moscow-liga-pro/viktor-rakhmanovskii-v-egor-evgenyevich-markelov/31157202?selectedGroup=-78637064&xsrftoken=04b38601-6c8f-11ec-90f8-fa163e3ac897,Bet on Table Tennis with Betfair™ Sportsbook and browse Table Tennis betting odds on your favourite markets. ✓Bet In-Play ✓Cash Out ✓Table Tennis Betting Odds,Table Tennis Betting & Table Tennis Odds Online » Betfair™ Sportsbook
https://www.betfair.com/sport/american-football/nfl/indianapolis-colts-jacksonville-jaguars/31150470?selectedGroup=-78637064&xsrftoken=04b38601-6c8f-11ec-90f8-fa163e3ac897,Bet on American Football with Betfair™ Sportsbook and browse American Football betting odds on your favourite markets. ✓Bet In-Play ✓Cash Out ✓American Football Betting Odds,American Football Betting & American Football Odds Online » Betfair™ Sportsbook
https://www.betfair.com/sport/football/greek-super-league/panathinaikos-v-aris/31149841?selectedGroup=65921&xsrftoken=04b38601-6c8f-11ec-90f8-fa163e3ac897,Bet on Football with Betfair™ Sportsbook and browse Football betting odds on your favourite markets. ✓Bet In-Play ✓Cash Out ✓Football Betting Odds,Football Betting & Football Odds Online » Betfair™ Sportsbook
https://www.betfair.com/sport/football/german-3-liga/tsv-havelse-v-duisburg/31138609?selectedGroup=65921&xsrftoken=04b38601-6c8f-11ec-90f8-fa163e3ac897,Bet on Football with Betfair™ Sportsbook and browse Football betting odds on your favourite markets. ✓Bet In-Play ✓Cash Out ✓Football Betting Odds,Football Betting & Football Odds Online » Betfair™ Sportsbook
https://www.betfair.com/sport/basketball/ncaab/colorado-oregon/31156230?selectedGroup=-78637064&xsrftoken=04b38601-6c8f-11ec-90f8-fa163e3ac897,Bet on Basketball with Betfair™ Sportsbook and browse Basketball betting odds on your favourite markets. ✓Bet In-Play ✓Cash Out ✓Basketball Betting Odds,Basketball Betting & Basketball Odds » Betfair™ Sportsbook
https://www.betfair.com/sport/tennis/wta-melbourne-summer-set-2-2022/pegula-v-begu/31155664?selectedGroup=-78637064&xsrftoken=04b38601-6c8f-11ec-90f8-fa163e3ac897,Bet on Tennis with Betfair™ Sportsbook and browse Tennis betting odds on your favourite markets. ✓Bet In-Play ✓Cash Out ✓Tennis Betting Odds,Tennis Betting & Tennis Odds » Betfair™ Sportsbook
https://www.betfair.com/sport/football/russian-premier-league/sochi-v-arsenal-tula/31145368?selectedGroup=65921&xsrftoken=04b38601-6c8f-11ec-90f8-fa163e3ac897,Bet on Football with Betfair™ Sportsbook and browse Football betting odds on your favourite markets. ✓Bet In-Play ✓Cash Out ✓Football Betting Odds,Football Betting & Football Odds Online » Betfair™ Sportsbook
https://www.betfair.com/sport/e-sports/csgo-weplay-academy-league/young-ninjas-v-astralis-talent/31151073?xsrftoken=04b38601-6c8f-11ec-90f8-fa163e3ac897,Bet on E-sports with Betfair™ Sportsbook and browse E-sports betting odds on your favourite markets. ✓Bet In-Play ✓Cash Out ✓ E-sports Gambling,E-sports Betting & E-sports Odds » Betfair™ Sportsbook
https://www.betfair.com/sport/football/spanish-la-liga/sevilla-v-getafe/31139590?selectedGroup=65921&xsrftoken=04b38601-6c8f-11ec-90f8-fa163e3ac897,Bet on Football with Betfair™ Sportsbook and browse Football betting odds on your favourite markets. ✓Bet In-Play ✓Cash Out ✓Football Betting Odds,Football Betting & Football Odds Online » Betfair™ Sportsbook
https://www.betfair.com/sport/ice-hockey/russian-mhl/belye-medvedi-v-irbis-kazan/31154160?selectedGroup=-78637064&xsrftoken=04b38601-6c8f-11ec-90f8-fa163e3ac897,Bet on Ice Hockey with Betfair™ Sportsbook and browse Ice Hockey betting odds on your favourite markets. ✓Bet In-Play ✓Cash Out ✓Ice Hockey Betting Odds,Ice Hockey Betting & Ice Hockey Odds Online » Betfair™ Sportsbook
https://www.betfair.com/sport/ice-hockey,Bet on Ice Hockey with Betfair™ Sportsbook and browse Ice Hockey betting odds on your favourite markets. ✓Bet In-Play ✓Cash Out ✓Ice Hockey Betting Odds,Ice Hockey Betting & Ice Hockey Odds Online » Betfair™ Sportsbook
https://www.betfair.com/sport/football/german-bundesliga/bochum-v-wolfsburg/31132281?selectedGroup=65921&xsrftoken=04b38601-6c8f-11ec-90f8-fa163e3ac897,Bet on Football with Betfair™ Sportsbook and browse Football betting odds on your favourite markets. ✓Bet In-Play ✓Cash Out ✓Football Betting Odds,Football Betting & Football Odds Online » Betfair™ Sportsbook
https://www.betfair.com/sport/football/french-ligue-2/toulouse-v-pau/31147933?selectedGroup=65921&xsrftoken=04b38601-6c8f-11ec-90f8-fa163e3ac897,Bet on Football with Betfair™ Sportsbook and browse Football betting odds on your favourite markets. ✓Bet In-Play ✓Cash Out ✓Football Betting Odds,Football Betting & Football Odds Online » Betfair™ Sportsbook
https://www.betfair.com/sport/tennis/wta-adelaide-international-1-2022/kenin-melichar-v-blinkova-eikeri/31155501?selectedGroup=-78637064&xsrftoken=04b38601-6c8f-11ec-90f8-fa163e3ac897,Bet on Tennis with Betfair™ Sportsbook and browse Tennis betting odds on your favourite markets. ✓Bet In-Play ✓Cash Out ✓Tennis Betting Odds,Tennis Betting & Tennis Odds » Betfair™ Sportsbook
https://www.betfair.com/sport/rugby-union/the-six-nations/ireland-v-wales/31086328?xsrftoken=04b38601-6c8f-11ec-90f8-fa163e3ac897,Bet on Rugby Union with Betfair™ Sportsbook and browse Rugby Union betting odds on your favourite markets. ✓Bet In-Play ✓Cash Out ✓Rugby Union Betting Odds,Rugby Union Betting & Rugby Union Odds » Betfair™ Sportsbook
https://www.betfair.com/sport/basketball/nba/detroit-pistons-milwaukee-bucks/31153675?selectedGroup=-78637064&xsrftoken=04b38601-6c8f-11ec-90f8-fa163e3ac897,Bet on Basketball with Betfair™ Sportsbook and browse Basketball betting odds on your favourite markets. ✓Bet In-Play ✓Cash Out ✓Basketball Betting Odds,Basketball Betting & Basketball Odds » Betfair™ Sportsbook
https://www.betfair.com/sport/football/german-bundesliga/bochum-v-wolfsburg/31132281?selectedGroup=65921&xsrftoken=0dbe2110-6c8f-11ec-9e7c-fa163eb25e79,Bet on Football with Betfair™ Sportsbook and browse Football betting odds on your favourite markets. ✓Bet In-Play ✓Cash Out ✓Football Betting Odds,Football Betting & Football Odds Online » Betfair™ Sportsbook
https://www.betfair.com/sport/american-football/nfl/indianapolis-colts-jacksonville-jaguars/31150470?selectedGroup=-78637064&xsrftoken=0dbe2110-6c8f-11ec-9e7c-fa163eb25e79,Bet on American Football with Betfair™ Sportsbook and browse American Football betting odds on your favourite markets. ✓Bet In-Play ✓Cash Out ✓American Football Betting Odds,American Football Betting & American Football Odds Online » Betfair™ Sportsbook
https://www.betfair.com/sport/ice-hockey/russian-mhl/belye-medvedi-v-irbis-kazan/31154160?selectedGroup=-78637064&xsrftoken=0dbe2110-6c8f-11ec-9e7c-fa163eb25e79,Bet on Ice Hockey with Betfair™ Sportsbook and browse Ice Hockey betting odds on your favourite markets. ✓Bet In-Play ✓Cash Out ✓Ice Hockey Betting Odds,Ice Hockey Betting & Ice Hockey Odds Online » Betfair™ Sportsbook
https://www.betfair.com/sport/football/russian-premier-league/sochi-v-arsenal-tula/31145368?selectedGroup=65921&xsrftoken=0dbe2110-6c8f-11ec-9e7c-fa163eb25e79,Bet on Football with Betfair™ Sportsbook and browse Football betting odds on your favourite markets. ✓Bet In-Play ✓Cash Out ✓Football Betting Odds,Football Betting & Football Odds Online » Betfair™ Sportsbook
https://www.betfair.com/sport/football/german-3-liga/tsv-havelse-v-duisburg/31138609?selectedGroup=65921&xsrftoken=0dbe2110-6c8f-11ec-9e7c-fa163eb25e79,Bet on Football with Betfair™ Sportsbook and browse Football betting odds on your favourite markets. ✓Bet In-Play ✓Cash Out ✓Football Betting Odds,Football Betting & Football Odds Online » Betfair™ Sportsbook
https://www.betfair.com/sport/table-tennis/moscow-liga-pro/viktor-rakhmanovskii-v-egor-evgenyevich-markelov/31157202?selectedGroup=-78637064&xsrftoken=0dbe2110-6c8f-11ec-9e7c-fa163eb25e79,Bet on Table Tennis with Betfair™ Sportsbook and browse Table Tennis betting odds on your favourite markets. ✓Bet In-Play ✓Cash Out ✓Table Tennis Betting Odds,Table Tennis Betting & Table Tennis Odds Online » Betfair™ Sportsbook
https://www.betfair.com/sport/football/mexican-liga-mx/san-luis-v-pachuca/31143180?selectedGroup=65921&xsrftoken=0dbe2110-6c8f-11ec-9e7c-fa163eb25e79,Bet on Football with Betfair™ Sportsbook and browse Football betting odds on your favourite markets. ✓Bet In-Play ✓Cash Out ✓Football Betting Odds,Football Betting & Football Odds Online » Betfair™ Sportsbook
https://www.betfair.com/sport/football/french-ligue-2/toulouse-v-pau/31147933?selectedGroup=65921&xsrftoken=0dbe2110-6c8f-11ec-9e7c-fa163eb25e79,Bet on Football with Betfair™ Sportsbook and browse Football betting odds on your favourite markets. ✓Bet In-Play ✓Cash Out ✓Football Betting Odds,Football Betting & Football Odds Online » Betfair™ Sportsbook
https://www.betfair.com/sport/football/spanish-la-liga/sevilla-v-getafe/31139590?selectedGroup=65921&xsrftoken=0dbe2110-6c8f-11ec-9e7c-fa163eb25e79,Bet on Football with Betfair™ Sportsbook and browse Football betting odds on your favourite markets. ✓Bet In-Play ✓Cash Out ✓Football Betting Odds,Football Betting & Football Odds Online » Betfair™ Sportsbook
https://www.betfair.com/sport/basketball/nba/detroit-pistons-milwaukee-bucks/31153675?selectedGroup=-78637064&xsrftoken=0dbe2110-6c8f-11ec-9e7c-fa163eb25e79,Bet on Basketball with Betfair™ Sportsbook and browse Basketball betting odds on your favourite markets. ✓Bet In-Play ✓Cash Out ✓Basketball Betting Odds,Basketball Betting & Basketball Odds » Betfair™ Sportsbook
https://www.betfair.com/sport/football/greek-super-league/panathinaikos-v-aris/31149841?selectedGroup=65921&xsrftoken=0dbe2110-6c8f-11ec-9e7c-fa163eb25e79,Bet on Football with Betfair™ Sportsbook and browse Football betting odds on your favourite markets. ✓Bet In-Play ✓Cash Out ✓Football Betting Odds,Football Betting & Football Odds Online » Betfair™ Sportsbook
https://www.betfair.com/sport/e-sports/csgo-weplay-academy-league/young-ninjas-v-astralis-talent/31151073?xsrftoken=0dbe2110-6c8f-11ec-9e7c-fa163eb25e79,Bet on E-sports with Betfair™ Sportsbook and browse E-sports betting odds on your favourite markets. ✓Bet In-Play ✓Cash Out ✓ E-sports Gambling,E-sports Betting & E-sports Odds » Betfair™ Sportsbook
https://www.betfair.com/sport/rugby-union/the-six-nations/ireland-v-wales/31086328?xsrftoken=0dbe2110-6c8f-11ec-9e7c-fa163eb25e79,Bet on Rugby Union with Betfair™ Sportsbook and browse Rugby Union betting odds on your favourite markets. ✓Bet In-Play ✓Cash Out ✓Rugby Union Betting Odds,Rugby Union Betting & Rugby Union Odds » Betfair™ Sportsbook
https://www.betfair.com/sport/ice-hockey/russian-khl/hc-red-star-kunlun-v-severstal-cherepovets/31153918?selectedGroup=-78637064&xsrftoken=0dbe2110-6c8f-11ec-9e7c-fa163eb25e79,Bet on Ice Hockey with Betfair™ Sportsbook and browse Ice Hockey betting odds on your favourite markets. ✓Bet In-Play ✓Cash Out ✓Ice Hockey Betting Odds,Ice Hockey Betting & Ice Hockey Odds Online » Betfair™ Sportsbook
https://www.betfair.com/sport/tennis/wta-melbourne-summer-set-2-2022/pegula-v-begu/31155664?selectedGroup=-78637064&xsrftoken=0dbe2110-6c8f-11ec-9e7c-fa163eb25e79,Bet on Tennis with Betfair™ Sportsbook and browse Tennis betting odds on your favourite markets. ✓Bet In-Play ✓Cash Out ✓Tennis Betting Odds,Tennis Betting & Tennis Odds » Betfair™ Sportsbook
https://www.betfair.com/sport/tennis/wta-melbourne-summer-set-1-2022/s-zhang-v-burel/31155538?selectedGroup=-78637064&xsrftoken=0dbe2110-6c8f-11ec-9e7c-fa163eb25e79,Bet on Tennis with Betfair™ Sportsbook and browse Tennis betting odds on your favourite markets. ✓Bet In-Play ✓Cash Out ✓Tennis Betting Odds,Tennis Betting & Tennis Odds » Betfair™ Sportsbook
https://www.betfair.com/sport/football/spanish-copa-del-rey/sporting-gijon-v-villarreal/31144639?selectedGroup=65921&xsrftoken=0dbe2110-6c8f-11ec-9e7c-fa163eb25e79,Bet on Football with Betfair™ Sportsbook and browse Football betting odds on your favourite markets. ✓Bet In-Play ✓Cash Out ✓Football Betting Odds,Football Betting & Football Odds Online » Betfair™ Sportsbook
https://www.betfair.com/sport/football/english-fa-cup/millwall-v-crystal-palace/31144152?selectedGroup=65921&xsrftoken=0dbe2110-6c8f-11ec-9e7c-fa163eb25e79,Bet on Football with Betfair™ Sportsbook and browse Football betting odds on your favourite markets. ✓Bet In-Play ✓Cash Out ✓Football Betting Odds,Football Betting & Football Odds Online » Betfair™ Sportsbook
https://www.betfair.com/sport/basketball/ncaab/colorado-oregon/31156230?selectedGroup=-78637064&xsrftoken=0dbe2110-6c8f-11ec-9e7c-fa163eb25e79,Bet on Basketball with Betfair™ Sportsbook and browse Basketball betting odds on your favourite markets. ✓Bet In-Play ✓Cash Out ✓Basketball Betting Odds,Basketball Betting & Basketball Odds » Betfair™ Sportsbook
https://www.betfair.com/sport/tennis/wta-adelaide-international-1-2022/kenin-melichar-v-blinkova-eikeri/31155501?selectedGroup=-78637064&xsrftoken=0dbe2110-6c8f-11ec-9e7c-fa163eb25e79,Bet on Tennis with Betfair™ Sportsbook and browse Tennis betting odds on your favourite markets. ✓Bet In-Play ✓Cash Out ✓Tennis Betting Odds,Tennis Betting & Tennis Odds » Betfair™ Sportsbook
https://www.betfair.com/sport/football/english-fa-cup/millwall-v-crystal-palace/31144152?selectedGroup=65921&xsrftoken=18a67cd0-6c8f-11ec-b168-fa163e0dd258,Bet on Football with Betfair™ Sportsbook and browse Football betting odds on your favourite markets. ✓Bet In-Play ✓Cash Out ✓Football Betting Odds,Football Betting & Football Odds Online » Betfair™ Sportsbook
https://www.betfair.com/sport/football/greek-super-league/panathinaikos-v-aris/31149841?selectedGroup=65921&xsrftoken=18a67cd0-6c8f-11ec-b168-fa163e0dd258,Bet on Football with Betfair™ Sportsbook and browse Football betting odds on your favourite markets. ✓Bet In-Play ✓Cash Out ✓Football Betting Odds,Football Betting & Football Odds Online » Betfair™ Sportsbook
https://www.betfair.com/sport/football/spanish-la-liga/sevilla-v-getafe/31139590?selectedGroup=65921&xsrftoken=18a67cd0-6c8f-11ec-b168-fa163e0dd258,Bet on Football with Betfair™ Sportsbook and browse Football betting odds on your favourite markets. ✓Bet In-Play ✓Cash Out ✓Football Betting Odds,Football Betting & Football Odds Online » Betfair™ Sportsbook
https://www.betfair.com/sport/rugby-union/the-six-nations/ireland-v-wales/31086328?xsrftoken=18a67cd0-6c8f-11ec-b168-fa163e0dd258,Bet on Rugby Union with Betfair™ Sportsbook and browse Rugby Union betting odds on your favourite markets. ✓Bet In-Play ✓Cash Out ✓Rugby Union Betting Odds,Rugby Union Betting & Rugby Union Odds » Betfair™ Sportsbook
https://www.betfair.com/sport/football/spanish-copa-del-rey/sporting-gijon-v-villarreal/31144639?selectedGroup=65921&xsrftoken=18a67cd0-6c8f-11ec-b168-fa163e0dd258,Bet on Football with Betfair™ Sportsbook and browse Football betting odds on your favourite markets. ✓Bet In-Play ✓Cash Out ✓Football Betting Odds,Football Betting & Football Odds Online » Betfair™ Sportsbook
https://www.betfair.com/sport/football/mexican-liga-mx/san-luis-v-pachuca/31143180?selectedGroup=65921&xsrftoken=18a67cd0-6c8f-11ec-b168-fa163e0dd258,Bet on Football with Betfair™ Sportsbook and browse Football betting odds on your favourite markets. ✓Bet In-Play ✓Cash Out ✓Football Betting Odds,Football Betting & Football Odds Online » Betfair™ Sportsbook
https://www.betfair.com/sport/football/russian-premier-league/sochi-v-arsenal-tula/31145368?selectedGroup=65921&xsrftoken=18a67cd0-6c8f-11ec-b168-fa163e0dd258,Bet on Football with Betfair™ Sportsbook and browse Football betting odds on your favourite markets. ✓Bet In-Play ✓Cash Out ✓Football Betting Odds,Football Betting & Football Odds Online » Betfair™ Sportsbook
https://www.betfair.com/sport/basketball/nba/detroit-pistons-milwaukee-bucks/31153675?selectedGroup=-78637064&xsrftoken=18a67cd0-6c8f-11ec-b168-fa163e0dd258,Bet on Basketball with Betfair™ Sportsbook and browse Basketball betting odds on your favourite markets. ✓Bet In-Play ✓Cash Out ✓Basketball Betting Odds,Basketball Betting & Basketball Odds » Betfair™ Sportsbook
https://www.betfair.com/sport/basketball/ncaab/colorado-oregon/31156230?selectedGroup=-78637064&xsrftoken=18a67cd0-6c8f-11ec-b168-fa163e0dd258,Bet on Basketball with Betfair™ Sportsbook and browse Basketball betting odds on your favourite markets. ✓Bet In-Play ✓Cash Out ✓Basketball Betting Odds,Basketball Betting & Basketball Odds » Betfair™ Sportsbook
https://www.betfair.com/sport/american-football/nfl/indianapolis-colts-jacksonville-jaguars/31150470?selectedGroup=-78637064&xsrftoken=18a67cd0-6c8f-11ec-b168-fa163e0dd258,Bet on American Football with Betfair™ Sportsbook and browse American Football betting odds on your favourite markets. ✓Bet In-Play ✓Cash Out ✓American Football Betting Odds,American Football Betting & American Football Odds Online » Betfair™ Sportsbook
https://www.betfair.com/sport/football/german-bundesliga/bochum-v-wolfsburg/31132281?selectedGroup=65921&xsrftoken=18a67cd0-6c8f-11ec-b168-fa163e0dd258,Bet on Football with Betfair™ Sportsbook and browse Football betting odds on your favourite markets. ✓Bet In-Play ✓Cash Out ✓Football Betting Odds,Football Betting & Football Odds Online » Betfair™ Sportsbook
https://www.betfair.com/sport/table-tennis/moscow-liga-pro/viktor-rakhmanovskii-v-egor-evgenyevich-markelov/31157202?selectedGroup=-78637064&xsrftoken=18a67cd0-6c8f-11ec-b168-fa163e0dd258,Bet on Table Tennis with Betfair™ Sportsbook and browse Table Tennis betting odds on your favourite markets. ✓Bet In-Play ✓Cash Out ✓Table Tennis Betting Odds,Table Tennis Betting & Table Tennis Odds Online » Betfair™ Sportsbook
https://www.betfair.com/sport/ice-hockey/russian-mhl/belye-medvedi-v-irbis-kazan/31154160?selectedGroup=-78637064&xsrftoken=18a67cd0-6c8f-11ec-b168-fa163e0dd258,Bet on Ice Hockey with Betfair™ Sportsbook and browse Ice Hockey betting odds on your favourite markets. ✓Bet In-Play ✓Cash Out ✓Ice Hockey Betting Odds,Ice Hockey Betting & Ice Hockey Odds Online » Betfair™ Sportsbook
https://www.betfair.com/sport/football/german-3-liga/tsv-havelse-v-duisburg/31138609?selectedGroup=65921&xsrftoken=18a67cd0-6c8f-11ec-b168-fa163e0dd258,Bet on Football with Betfair™ Sportsbook and browse Football betting odds on your favourite markets. ✓Bet In-Play ✓Cash Out ✓Football Betting Odds,Football Betting & Football Odds Online » Betfair™ Sportsbook
https://www.betfair.com/sport/tennis/wta-adelaide-international-1-2022/kenin-melichar-v-blinkova-eikeri/31155501?selectedGroup=-78637064&xsrftoken=18a67cd0-6c8f-11ec-b168-fa163e0dd258,Bet on Tennis with Betfair™ Sportsbook and browse Tennis betting odds on your favourite markets. ✓Bet In-Play ✓Cash Out ✓Tennis Betting Odds,Tennis Betting & Tennis Odds » Betfair™ Sportsbook
https://www.betfair.com/sport/e-sports/csgo-weplay-academy-league/young-ninjas-v-astralis-talent/31151073?xsrftoken=18a67cd0-6c8f-11ec-b168-fa163e0dd258,Bet on E-sports with Betfair™ Sportsbook and browse E-sports betting odds on your favourite markets. ✓Bet In-Play ✓Cash Out ✓ E-sports Gambling,E-sports Betting & E-sports Odds » Betfair™ Sportsbook
https://www.betfair.com/sport/football/french-ligue-2/toulouse-v-pau/31147933?selectedGroup=65921&xsrftoken=18a67cd0-6c8f-11ec-b168-fa163e0dd258,Bet on Football with Betfair™ Sportsbook and browse Football betting odds on your favourite markets. ✓Bet In-Play ✓Cash Out ✓Football Betting Odds,Football Betting & Football Odds Online » Betfair™ Sportsbook
https://www.betfair.com/sport/ice-hockey/russian-khl/hc-red-star-kunlun-v-severstal-cherepovets/31153918?selectedGroup=-78637064&xsrftoken=18a67cd0-6c8f-11ec-b168-fa163e0dd258,Bet on Ice Hockey with Betfair™ Sportsbook and browse Ice Hockey betting odds on your favourite markets. ✓Bet In-Play ✓Cash Out ✓Ice Hockey Betting Odds,Ice Hockey Betting & Ice Hockey Odds Online » Betfair™ Sportsbook
https://www.betfair.com/sport/tennis/wta-melbourne-summer-set-2-2022/pegula-v-begu/31155664?selectedGroup=-78637064&xsrftoken=18a67cd0-6c8f-11ec-b168-fa163e0dd258,Bet on Tennis with Betfair™ Sportsbook and browse Tennis betting odds on your favourite markets. ✓Bet In-Play ✓Cash Out ✓Tennis Betting Odds,Tennis Betting & Tennis Odds » Betfair™ Sportsbook
https://www.betfair.com/sport/tennis/wta-melbourne-summer-set-1-2022/s-zhang-v-burel/31155538?selectedGroup=-78637064&xsrftoken=18a67cd0-6c8f-11ec-b168-fa163e0dd258,Bet on Tennis with Betfair™ Sportsbook and browse Tennis betting odds on your favourite markets. ✓Bet In-Play ✓Cash Out ✓Tennis Betting Odds,Tennis Betting & Tennis Odds » Betfair™ Sportsbook
https://www.betfair.com/sport/tennis/wta-adelaide-international-1-2022/kenin-melichar-v-blinkova-eikeri/31155501?selectedGroup=-78637064&xsrftoken=22ac40c0-6c8f-11ec-8762-fa163e4d0cc3,Bet on Tennis with Betfair™ Sportsbook and browse Tennis betting odds on your favourite markets. ✓Bet In-Play ✓Cash Out ✓Tennis Betting Odds,Tennis Betting & Tennis Odds » Betfair™ Sportsbook
https://www.betfair.com/sport/football/english-fa-cup/millwall-v-crystal-palace/31144152?selectedGroup=65921&xsrftoken=22ac40c0-6c8f-11ec-8762-fa163e4d0cc3,Bet on Football with Betfair™ Sportsbook and browse Football betting odds on your favourite markets. ✓Bet In-Play ✓Cash Out ✓Football Betting Odds,Football Betting & Football Odds Online » Betfair™ Sportsbook
https://www.betfair.com/sport/football/german-3-liga/tsv-havelse-v-duisburg/31138609?selectedGroup=65921&xsrftoken=22ac40c0-6c8f-11ec-8762-fa163e4d0cc3,Bet on Football with Betfair™ Sportsbook and browse Football betting odds on your favourite markets. ✓Bet In-Play ✓Cash Out ✓Football Betting Odds,Football Betting & Football Odds Online » Betfair™ Sportsbook
https://www.betfair.com/sport/football/spanish-la-liga/sevilla-v-getafe/31139590?selectedGroup=65921&xsrftoken=22ac40c0-6c8f-11ec-8762-fa163e4d0cc3,Bet on Football with Betfair™ Sportsbook and browse Football betting odds on your favourite markets. ✓Bet In-Play ✓Cash Out ✓Football Betting Odds,Football Betting & Football Odds Online » Betfair™ Sportsbook
https://www.betfair.com/sport/football/greek-super-league/panathinaikos-v-aris/31149841?selectedGroup=65921&xsrftoken=22ac40c0-6c8f-11ec-8762-fa163e4d0cc3,Bet on Football with Betfair™ Sportsbook and browse Football betting odds on your favourite markets. ✓Bet In-Play ✓Cash Out ✓Football Betting Odds,Football Betting & Football Odds Online » Betfair™ Sportsbook
https://www.betfair.com/sport/ice-hockey/russian-mhl/belye-medvedi-v-irbis-kazan/31154160?selectedGroup=-78637064&xsrftoken=22ac40c0-6c8f-11ec-8762-fa163e4d0cc3,Bet on Ice Hockey with Betfair™ Sportsbook and browse Ice Hockey betting odds on your favourite markets. ✓Bet In-Play ✓Cash Out ✓Ice Hockey Betting Odds,Ice Hockey Betting & Ice Hockey Odds Online » Betfair™ Sportsbook
https://www.betfair.com/sport/tennis/wta-melbourne-summer-set-2-2022/pegula-v-begu/31155664?selectedGroup=-78637064&xsrftoken=22ac40c0-6c8f-11ec-8762-fa163e4d0cc3,Bet on Tennis with Betfair™ Sportsbook and browse Tennis betting odds on your favourite markets. ✓Bet In-Play ✓Cash Out ✓Tennis Betting Odds,Tennis Betting & Tennis Odds » Betfair™ Sportsbook
https://www.betfair.com/sport/rugby-union/the-six-nations/ireland-v-wales/31086328?xsrftoken=22ac40c0-6c8f-11ec-8762-fa163e4d0cc3,Bet on Rugby Union with Betfair™ Sportsbook and browse Rugby Union betting odds on your favourite markets. ✓Bet In-Play ✓Cash Out ✓Rugby Union Betting Odds,Rugby Union Betting & Rugby Union Odds » Betfair™ Sportsbook
https://www.betfair.com/sport/basketball/ncaab/colorado-oregon/31156230?selectedGroup=-78637064&xsrftoken=22ac40c0-6c8f-11ec-8762-fa163e4d0cc3,Bet on Basketball with Betfair™ Sportsbook and browse Basketball betting odds on your favourite markets. ✓Bet In-Play ✓Cash Out ✓Basketball Betting Odds,Basketball Betting & Basketball Odds » Betfair™ Sportsbook
https://www.betfair.com/sport/football/german-bundesliga/bochum-v-wolfsburg/31132281?selectedGroup=65921&xsrftoken=22ac40c0-6c8f-11ec-8762-fa163e4d0cc3,Bet on Football with Betfair™ Sportsbook and browse Football betting odds on your favourite markets. ✓Bet In-Play ✓Cash Out ✓Football Betting Odds,Football Betting & Football Odds Online » Betfair™ Sportsbook
https://www.betfair.com/sport/table-tennis/moscow-liga-pro/viktor-rakhmanovskii-v-egor-evgenyevich-markelov/31157202?selectedGroup=-78637064&xsrftoken=22ac40c0-6c8f-11ec-8762-fa163e4d0cc3,Bet on Table Tennis with Betfair™ Sportsbook and browse Table Tennis betting odds on your favourite markets. ✓Bet In-Play ✓Cash Out ✓Table Tennis Betting Odds,Table Tennis Betting & Table Tennis Odds Online » Betfair™ Sportsbook
https://www.betfair.com/sport/football/spanish-copa-del-rey/sporting-gijon-v-villarreal/31144639?selectedGroup=65921&xsrftoken=22ac40c0-6c8f-11ec-8762-fa163e4d0cc3,Bet on Football with Betfair™ Sportsbook and browse Football betting odds on your favourite markets. ✓Bet In-Play ✓Cash Out ✓Football Betting Odds,Football Betting & Football Odds Online » Betfair™ Sportsbook
https://www.betfair.com/sport/basketball/nba/detroit-pistons-milwaukee-bucks/31153675?selectedGroup=-78637064&xsrftoken=22ac40c0-6c8f-11ec-8762-fa163e4d0cc3,Bet on Basketball with Betfair™ Sportsbook and browse Basketball betting odds on your favourite markets. ✓Bet In-Play ✓Cash Out ✓Basketball Betting Odds,Basketball Betting & Basketball Odds » Betfair™ Sportsbook
https://www.betfair.com/sport/football/french-ligue-2/toulouse-v-pau/31147933?selectedGroup=65921&xsrftoken=22ac40c0-6c8f-11ec-8762-fa163e4d0cc3,Bet on Football with Betfair™ Sportsbook and browse Football betting odds on your favourite markets. ✓Bet In-Play ✓Cash Out ✓Football Betting Odds,Football Betting & Football Odds Online » Betfair™ Sportsbook
https://www.betfair.com/sport/american-football/nfl/indianapolis-colts-jacksonville-jaguars/31150470?selectedGroup=-78637064&xsrftoken=22ac40c0-6c8f-11ec-8762-fa163e4d0cc3,Bet on American Football with Betfair™ Sportsbook and browse American Football betting odds on your favourite markets. ✓Bet In-Play ✓Cash Out ✓American Football Betting Odds,American Football Betting & American Football Odds Online » Betfair™ Sportsbook
https://www.betfair.com/sport/e-sports/csgo-weplay-academy-league/young-ninjas-v-astralis-talent/31151073?xsrftoken=22ac40c0-6c8f-11ec-8762-fa163e4d0cc3,Bet on E-sports with Betfair™ Sportsbook and browse E-sports betting odds on your favourite markets. ✓Bet In-Play ✓Cash Out ✓ E-sports Gambling,E-sports Betting & E-sports Odds » Betfair™ Sportsbook
https://www.betfair.com/sport/football/russian-premier-league/sochi-v-arsenal-tula/31145368?selectedGroup=65921&xsrftoken=22ac40c0-6c8f-11ec-8762-fa163e4d0cc3,Bet on Football with Betfair™ Sportsbook and browse Football betting odds on your favourite markets. ✓Bet In-Play ✓Cash Out ✓Football Betting Odds,Football Betting & Football Odds Online » Betfair™ Sportsbook
https://www.betfair.com/sport/tennis/wta-melbourne-summer-set-1-2022/s-zhang-v-burel/31155538?selectedGroup=-78637064&xsrftoken=22ac40c0-6c8f-11ec-8762-fa163e4d0cc3,Bet on Tennis with Betfair™ Sportsbook and browse Tennis betting odds on your favourite markets. ✓Bet In-Play ✓Cash Out ✓Tennis Betting Odds,Tennis Betting & Tennis Odds » Betfair™ Sportsbook
https://www.betfair.com/sport/football/mexican-liga-mx/san-luis-v-pachuca/31143180?selectedGroup=65921&xsrftoken=22ac40c0-6c8f-11ec-8762-fa163e4d0cc3,Bet on Football with Betfair™ Sportsbook and browse Football betting odds on your favourite markets. ✓Bet In-Play ✓Cash Out ✓Football Betting Odds,Football Betting & Football Odds Online » Betfair™ Sportsbook
https://www.betfair.com/sport/ice-hockey/russian-khl/hc-red-star-kunlun-v-severstal-cherepovets/31153918?selectedGroup=-78637064&xsrftoken=22ac40c0-6c8f-11ec-8762-fa163e4d0cc3,Bet on Ice Hockey with Betfair™ Sportsbook and browse Ice Hockey betting odds on your favourite markets. ✓Bet In-Play ✓Cash Out ✓Ice Hockey Betting Odds,Ice Hockey Betting & Ice Hockey Odds Online » Betfair™ Sportsbook
https://www.betfair.com/sport/football/german-3-liga/tsv-havelse-v-duisburg/31138609?selectedGroup=65921&xsrftoken=2bddebd1-6c8f-11ec-9363-fa163e7b4e93,Bet on Football with Betfair™ Sportsbook and browse Football betting odds on your favourite markets. ✓Bet In-Play ✓Cash Out ✓Football Betting Odds,Football Betting & Football Odds Online » Betfair™ Sportsbook
https://www.betfair.com/sport/rugby-union/the-six-nations/ireland-v-wales/31086328?xsrftoken=2bddebd1-6c8f-11ec-9363-fa163e7b4e93,Bet on Rugby Union with Betfair™ Sportsbook and browse Rugby Union betting odds on your favourite markets. ✓Bet In-Play ✓Cash Out ✓Rugby Union Betting Odds,Rugby Union Betting & Rugby Union Odds » Betfair™ Sportsbook
https://www.betfair.com/sport/football/spanish-copa-del-rey/sporting-gijon-v-villarreal/31144639?selectedGroup=65921&xsrftoken=2bddebd1-6c8f-11ec-9363-fa163e7b4e93,Bet on Football with Betfair™ Sportsbook and browse Football betting odds on your favourite markets. ✓Bet In-Play ✓Cash Out ✓Football Betting Odds,Football Betting & Football Odds Online » Betfair™ Sportsbook
https://www.betfair.com/sport/football/english-fa-cup/millwall-v-crystal-palace/31144152?selectedGroup=65921&xsrftoken=2bddebd1-6c8f-11ec-9363-fa163e7b4e93,Bet on Football with Betfair™ Sportsbook and browse Football betting odds on your favourite markets. ✓Bet In-Play ✓Cash Out ✓Football Betting Odds,Football Betting & Football Odds Online » Betfair™ Sportsbook
https://www.betfair.com/sport/basketball/ncaab/colorado-oregon/31156230?selectedGroup=-78637064&xsrftoken=2bddebd1-6c8f-11ec-9363-fa163e7b4e93,Bet on Basketball with Betfair™ Sportsbook and browse Basketball betting odds on your favourite markets. ✓Bet In-Play ✓Cash Out ✓Basketball Betting Odds,Basketball Betting & Basketball Odds » Betfair™ Sportsbook
https://www.betfair.com/sport/american-football/nfl/indianapolis-colts-jacksonville-jaguars/31150470?selectedGroup=-78637064&xsrftoken=2bddebd1-6c8f-11ec-9363-fa163e7b4e93,Bet on American Football with Betfair™ Sportsbook and browse American Football betting odds on your favourite markets. ✓Bet In-Play ✓Cash Out ✓American Football Betting Odds,American Football Betting & American Football Odds Online » Betfair™ Sportsbook
https://www.betfair.com/sport/football/spanish-la-liga/sevilla-v-getafe/31139590?selectedGroup=65921&xsrftoken=2bddebd1-6c8f-11ec-9363-fa163e7b4e93,Bet on Football with Betfair™ Sportsbook and browse Football betting odds on your favourite markets. ✓Bet In-Play ✓Cash Out ✓Football Betting Odds,Football Betting & Football Odds Online » Betfair™ Sportsbook
https://www.betfair.com/sport/football/greek-super-league/panathinaikos-v-aris/31149841?selectedGroup=65921&xsrftoken=2bddebd1-6c8f-11ec-9363-fa163e7b4e93,Bet on Football with Betfair™ Sportsbook and browse Football betting odds on your favourite markets. ✓Bet In-Play ✓Cash Out ✓Football Betting Odds,Football Betting & Football Odds Online » Betfair™ Sportsbook
https://www.betfair.com/sport/tennis/wta-melbourne-summer-set-2-2022/pegula-v-begu/31155664?selectedGroup=-78637064&xsrftoken=2bddebd1-6c8f-11ec-9363-fa163e7b4e93,Bet on Tennis with Betfair™ Sportsbook and browse Tennis betting odds on your favourite markets. ✓Bet In-Play ✓Cash Out ✓Tennis Betting Odds,Tennis Betting & Tennis Odds » Betfair™ Sportsbook
https://www.betfair.com/sport/football/german-bundesliga/bochum-v-wolfsburg/31132281?selectedGroup=65921&xsrftoken=2bddebd1-6c8f-11ec-9363-fa163e7b4e93,Bet on Football with Betfair™ Sportsbook and browse Football betting odds on your favourite markets. ✓Bet In-Play ✓Cash Out ✓Football Betting Odds,Football Betting & Football Odds Online » Betfair™ Sportsbook
https://zurückinstraumland.de/?p=9734,"War der Artikel hilfreich? post Boni im online spielautomaten Nun genau mit diesem Thema haben wir uns interessanterweise auseinandergesetzt, online casino paypal ohne anmeldung teilt kräftig aus – vor allem gegen Merkel. Nicht allein weil er sehen wollte, dass nur Coca Cola die wahre richtoge Cola ist und alles andere Nachmachen sind und dass der Name […]",Casino Online Bonus Codes | Kostenlos roulette in einem online spielautomaten spielen - zurückinstraumland
https://www.betfair.com/sport/basketball/nba/detroit-pistons-milwaukee-bucks/31153675?selectedGroup=-78637064&xsrftoken=2bddebd1-6c8f-11ec-9363-fa163e7b4e93,Bet on Basketball with Betfair™ Sportsbook and browse Basketball betting odds on your favourite markets. ✓Bet In-Play ✓Cash Out ✓Basketball Betting Odds,Basketball Betting & Basketball Odds » Betfair™ Sportsbook
https://www.betfair.com/sport/ice-hockey/russian-mhl/belye-medvedi-v-irbis-kazan/31154160?selectedGroup=-78637064&xsrftoken=2bddebd1-6c8f-11ec-9363-fa163e7b4e93,Bet on Ice Hockey with Betfair™ Sportsbook and browse Ice Hockey betting odds on your favourite markets. ✓Bet In-Play ✓Cash Out ✓Ice Hockey Betting Odds,Ice Hockey Betting & Ice Hockey Odds Online » Betfair™ Sportsbook
https://www.betfair.com/sport/e-sports/csgo-weplay-academy-league/young-ninjas-v-astralis-talent/31151073?xsrftoken=2bddebd1-6c8f-11ec-9363-fa163e7b4e93,Bet on E-sports with Betfair™ Sportsbook and browse E-sports betting odds on your favourite markets. ✓Bet In-Play ✓Cash Out ✓ E-sports Gambling,E-sports Betting & E-sports Odds » Betfair™ Sportsbook
https://www.betfair.com/sport/football/russian-premier-league/sochi-v-arsenal-tula/31145368?selectedGroup=65921&xsrftoken=2bddebd1-6c8f-11ec-9363-fa163e7b4e93,Bet on Football with Betfair™ Sportsbook and browse Football betting odds on your favourite markets. ✓Bet In-Play ✓Cash Out ✓Football Betting Odds,Football Betting & Football Odds Online » Betfair™ Sportsbook
https://www.betfair.com/sport/tennis/wta-melbourne-summer-set-1-2022/s-zhang-v-burel/31155538?selectedGroup=-78637064&xsrftoken=2bddebd1-6c8f-11ec-9363-fa163e7b4e93,Bet on Tennis with Betfair™ Sportsbook and browse Tennis betting odds on your favourite markets. ✓Bet In-Play ✓Cash Out ✓Tennis Betting Odds,Tennis Betting & Tennis Odds » Betfair™ Sportsbook
https://www.betfair.com/sport/football/french-ligue-2/toulouse-v-pau/31147933?selectedGroup=65921&xsrftoken=2bddebd1-6c8f-11ec-9363-fa163e7b4e93,Bet on Football with Betfair™ Sportsbook and browse Football betting odds on your favourite markets. ✓Bet In-Play ✓Cash Out ✓Football Betting Odds,Football Betting & Football Odds Online » Betfair™ Sportsbook
https://www.betfair.com/sport/football/mexican-liga-mx/san-luis-v-pachuca/31143180?selectedGroup=65921&xsrftoken=2bddebd1-6c8f-11ec-9363-fa163e7b4e93,Bet on Football with Betfair™ Sportsbook and browse Football betting odds on your favourite markets. ✓Bet In-Play ✓Cash Out ✓Football Betting Odds,Football Betting & Football Odds Online » Betfair™ Sportsbook
https://www.betfair.com/sport/table-tennis/moscow-liga-pro/viktor-rakhmanovskii-v-egor-evgenyevich-markelov/31157202?selectedGroup=-78637064&xsrftoken=2bddebd1-6c8f-11ec-9363-fa163e7b4e93,Bet on Table Tennis with Betfair™ Sportsbook and browse Table Tennis betting odds on your favourite markets. ✓Bet In-Play ✓Cash Out ✓Table Tennis Betting Odds,Table Tennis Betting & Table Tennis Odds Online » Betfair™ Sportsbook
https://www.betfair.com/sport/ice-hockey/russian-khl/hc-red-star-kunlun-v-severstal-cherepovets/31153918?selectedGroup=-78637064&xsrftoken=2bddebd1-6c8f-11ec-9363-fa163e7b4e93,Bet on Ice Hockey with Betfair™ Sportsbook and browse Ice Hockey betting odds on your favourite markets. ✓Bet In-Play ✓Cash Out ✓Ice Hockey Betting Odds,Ice Hockey Betting & Ice Hockey Odds Online » Betfair™ Sportsbook
https://www.betfair.com/sport/tennis/wta-adelaide-international-1-2022/kenin-melichar-v-blinkova-eikeri/31155501?selectedGroup=-78637064&xsrftoken=2bddebd1-6c8f-11ec-9363-fa163e7b4e93,Bet on Tennis with Betfair™ Sportsbook and browse Tennis betting odds on your favourite markets. ✓Bet In-Play ✓Cash Out ✓Tennis Betting Odds,Tennis Betting & Tennis Odds » Betfair™ Sportsbook
https://www.betfair.com/sport/table-tennis/moscow-liga-pro/viktor-rakhmanovskii-v-egor-evgenyevich-markelov/31157202?selectedGroup=-78637064&xsrftoken=362091b1-6c8f-11ec-90f8-fa163e3ac897,Bet on Table Tennis with Betfair™ Sportsbook and browse Table Tennis betting odds on your favourite markets. ✓Bet In-Play ✓Cash Out ✓Table Tennis Betting Odds,Table Tennis Betting & Table Tennis Odds Online » Betfair™ Sportsbook
https://www.betfair.com/sport/american-football/nfl/indianapolis-colts-jacksonville-jaguars/31150470?selectedGroup=-78637064&xsrftoken=362091b1-6c8f-11ec-90f8-fa163e3ac897,Bet on American Football with Betfair™ Sportsbook and browse American Football betting odds on your favourite markets. ✓Bet In-Play ✓Cash Out ✓American Football Betting Odds,American Football Betting & American Football Odds Online » Betfair™ Sportsbook
https://www.betfair.com/sport/football/mexican-liga-mx/san-luis-v-pachuca/31143180?selectedGroup=65921&xsrftoken=362091b1-6c8f-11ec-90f8-fa163e3ac897,Bet on Football with Betfair™ Sportsbook and browse Football betting odds on your favourite markets. ✓Bet In-Play ✓Cash Out ✓Football Betting Odds,Football Betting & Football Odds Online » Betfair™ Sportsbook
https://www.betfair.com/sport/tennis/wta-melbourne-summer-set-2-2022/pegula-v-begu/31155664?selectedGroup=-78637064&xsrftoken=362091b1-6c8f-11ec-90f8-fa163e3ac897,Bet on Tennis with Betfair™ Sportsbook and browse Tennis betting odds on your favourite markets. ✓Bet In-Play ✓Cash Out ✓Tennis Betting Odds,Tennis Betting & Tennis Odds » Betfair™ Sportsbook
https://www.betfair.com/sport/e-sports/csgo-weplay-academy-league/young-ninjas-v-astralis-talent/31151073?xsrftoken=362091b1-6c8f-11ec-90f8-fa163e3ac897,Bet on E-sports with Betfair™ Sportsbook and browse E-sports betting odds on your favourite markets. ✓Bet In-Play ✓Cash Out ✓ E-sports Gambling,E-sports Betting & E-sports Odds » Betfair™ Sportsbook
https://www.betfair.com/sport/ice-hockey/russian-khl/hc-red-star-kunlun-v-severstal-cherepovets/31153918?selectedGroup=-78637064&xsrftoken=362091b1-6c8f-11ec-90f8-fa163e3ac897,Bet on Ice Hockey with Betfair™ Sportsbook and browse Ice Hockey betting odds on your favourite markets. ✓Bet In-Play ✓Cash Out ✓Ice Hockey Betting Odds,Ice Hockey Betting & Ice Hockey Odds Online » Betfair™ Sportsbook
https://www.betfair.com/sport/football/greek-super-league/panathinaikos-v-aris/31149841?selectedGroup=65921&xsrftoken=362091b1-6c8f-11ec-90f8-fa163e3ac897,Bet on Football with Betfair™ Sportsbook and browse Football betting odds on your favourite markets. ✓Bet In-Play ✓Cash Out ✓Football Betting Odds,Football Betting & Football Odds Online » Betfair™ Sportsbook
https://www.betfair.com/sport/football/german-bundesliga/bochum-v-wolfsburg/31132281?selectedGroup=65921&xsrftoken=362091b1-6c8f-11ec-90f8-fa163e3ac897,Bet on Football with Betfair™ Sportsbook and browse Football betting odds on your favourite markets. ✓Bet In-Play ✓Cash Out ✓Football Betting Odds,Football Betting & Football Odds Online » Betfair™ Sportsbook
https://www.betfair.com/sport/rugby-union/the-six-nations/ireland-v-wales/31086328?xsrftoken=362091b1-6c8f-11ec-90f8-fa163e3ac897,Bet on Rugby Union with Betfair™ Sportsbook and browse Rugby Union betting odds on your favourite markets. ✓Bet In-Play ✓Cash Out ✓Rugby Union Betting Odds,Rugby Union Betting & Rugby Union Odds » Betfair™ Sportsbook
https://www.betfair.com/sport/ice-hockey/russian-mhl/belye-medvedi-v-irbis-kazan/31154160?selectedGroup=-78637064&xsrftoken=362091b1-6c8f-11ec-90f8-fa163e3ac897,Bet on Ice Hockey with Betfair™ Sportsbook and browse Ice Hockey betting odds on your favourite markets. ✓Bet In-Play ✓Cash Out ✓Ice Hockey Betting Odds,Ice Hockey Betting & Ice Hockey Odds Online » Betfair™ Sportsbook
https://www.betfair.com/sport/football/spanish-copa-del-rey/sporting-gijon-v-villarreal/31144639?selectedGroup=65921&xsrftoken=362091b1-6c8f-11ec-90f8-fa163e3ac897,Bet on Football with Betfair™ Sportsbook and browse Football betting odds on your favourite markets. ✓Bet In-Play ✓Cash Out ✓Football Betting Odds,Football Betting & Football Odds Online » Betfair™ Sportsbook
https://www.betfair.com/sport/tennis/wta-melbourne-summer-set-1-2022/s-zhang-v-burel/31155538?selectedGroup=-78637064&xsrftoken=362091b1-6c8f-11ec-90f8-fa163e3ac897,Bet on Tennis with Betfair™ Sportsbook and browse Tennis betting odds on your favourite markets. ✓Bet In-Play ✓Cash Out ✓Tennis Betting Odds,Tennis Betting & Tennis Odds » Betfair™ Sportsbook
https://www.betfair.com/sport/football/english-fa-cup/millwall-v-crystal-palace/31144152?selectedGroup=65921&xsrftoken=362091b1-6c8f-11ec-90f8-fa163e3ac897,Bet on Football with Betfair™ Sportsbook and browse Football betting odds on your favourite markets. ✓Bet In-Play ✓Cash Out ✓Football Betting Odds,Football Betting & Football Odds Online » Betfair™ Sportsbook
https://www.betfair.com/sport/tennis/wta-adelaide-international-1-2022/kenin-melichar-v-blinkova-eikeri/31155501?selectedGroup=-78637064&xsrftoken=362091b1-6c8f-11ec-90f8-fa163e3ac897,Bet on Tennis with Betfair™ Sportsbook and browse Tennis betting odds on your favourite markets. ✓Bet In-Play ✓Cash Out ✓Tennis Betting Odds,Tennis Betting & Tennis Odds » Betfair™ Sportsbook
https://www.betfair.com/sport/football/french-ligue-2/toulouse-v-pau/31147933?selectedGroup=65921&xsrftoken=362091b1-6c8f-11ec-90f8-fa163e3ac897,Bet on Football with Betfair™ Sportsbook and browse Football betting odds on your favourite markets. ✓Bet In-Play ✓Cash Out ✓Football Betting Odds,Football Betting & Football Odds Online » Betfair™ Sportsbook
https://www.betfair.com/sport/basketball/ncaab/colorado-oregon/31156230?selectedGroup=-78637064&xsrftoken=362091b1-6c8f-11ec-90f8-fa163e3ac897,Bet on Basketball with Betfair™ Sportsbook and browse Basketball betting odds on your favourite markets. ✓Bet In-Play ✓Cash Out ✓Basketball Betting Odds,Basketball Betting & Basketball Odds » Betfair™ Sportsbook
https://www.betfair.com/sport/basketball/nba/detroit-pistons-milwaukee-bucks/31153675?selectedGroup=-78637064&xsrftoken=362091b1-6c8f-11ec-90f8-fa163e3ac897,Bet on Basketball with Betfair™ Sportsbook and browse Basketball betting odds on your favourite markets. ✓Bet In-Play ✓Cash Out ✓Basketball Betting Odds,Basketball Betting & Basketball Odds » Betfair™ Sportsbook
https://www.betfair.com/sport/football/spanish-la-liga/sevilla-v-getafe/31139590?selectedGroup=65921&xsrftoken=362091b1-6c8f-11ec-90f8-fa163e3ac897,Bet on Football with Betfair™ Sportsbook and browse Football betting odds on your favourite markets. ✓Bet In-Play ✓Cash Out ✓Football Betting Odds,Football Betting & Football Odds Online » Betfair™ Sportsbook
https://www.betfair.com/sport/football/german-3-liga/tsv-havelse-v-duisburg/31138609?selectedGroup=65921&xsrftoken=362091b1-6c8f-11ec-90f8-fa163e3ac897,Bet on Football with Betfair™ Sportsbook and browse Football betting odds on your favourite markets. ✓Bet In-Play ✓Cash Out ✓Football Betting Odds,Football Betting & Football Odds Online » Betfair™ Sportsbook
https://www.betfair.com/sport/football/russian-premier-league/sochi-v-arsenal-tula/31145368?selectedGroup=65921&xsrftoken=362091b1-6c8f-11ec-90f8-fa163e3ac897,Bet on Football with Betfair™ Sportsbook and browse Football betting odds on your favourite markets. ✓Bet In-Play ✓Cash Out ✓Football Betting Odds,Football Betting & Football Odds Online » Betfair™ Sportsbook
https://www.betfair.com/sport/table-tennis/moscow-liga-pro/viktor-rakhmanovskii-v-egor-evgenyevich-markelov/31157202?selectedGroup=-78637064&xsrftoken=4150f2f1-6c8f-11ec-91a4-fa163ed3e60c,Bet on Table Tennis with Betfair™ Sportsbook and browse Table Tennis betting odds on your favourite markets. ✓Bet In-Play ✓Cash Out ✓Table Tennis Betting Odds,Table Tennis Betting & Table Tennis Odds Online » Betfair™ Sportsbook
https://www.betfair.com/sport/ice-hockey/russian-mhl/belye-medvedi-v-irbis-kazan/31154160?selectedGroup=-78637064&xsrftoken=4150f2f1-6c8f-11ec-91a4-fa163ed3e60c,Bet on Ice Hockey with Betfair™ Sportsbook and browse Ice Hockey betting odds on your favourite markets. ✓Bet In-Play ✓Cash Out ✓Ice Hockey Betting Odds,Ice Hockey Betting & Ice Hockey Odds Online » Betfair™ Sportsbook
https://www.betfair.com/sport/football/german-bundesliga/bochum-v-wolfsburg/31132281?selectedGroup=65921&xsrftoken=4150f2f1-6c8f-11ec-91a4-fa163ed3e60c,Bet on Football with Betfair™ Sportsbook and browse Football betting odds on your favourite markets. ✓Bet In-Play ✓Cash Out ✓Football Betting Odds,Football Betting & Football Odds Online » Betfair™ Sportsbook
https://www.betfair.com/sport/football/english-fa-cup/millwall-v-crystal-palace/31144152?selectedGroup=65921&xsrftoken=4150f2f1-6c8f-11ec-91a4-fa163ed3e60c,Bet on Football with Betfair™ Sportsbook and browse Football betting odds on your favourite markets. ✓Bet In-Play ✓Cash Out ✓Football Betting Odds,Football Betting & Football Odds Online » Betfair™ Sportsbook
https://www.betfair.com/sport/football/french-ligue-2/toulouse-v-pau/31147933?selectedGroup=65921&xsrftoken=4150f2f1-6c8f-11ec-91a4-fa163ed3e60c,Bet on Football with Betfair™ Sportsbook and browse Football betting odds on your favourite markets. ✓Bet In-Play ✓Cash Out ✓Football Betting Odds,Football Betting & Football Odds Online » Betfair™ Sportsbook
https://www.betfair.com/sport/football/russian-premier-league/sochi-v-arsenal-tula/31145368?selectedGroup=65921&xsrftoken=4150f2f1-6c8f-11ec-91a4-fa163ed3e60c,Bet on Football with Betfair™ Sportsbook and browse Football betting odds on your favourite markets. ✓Bet In-Play ✓Cash Out ✓Football Betting Odds,Football Betting & Football Odds Online » Betfair™ Sportsbook
https://www.betfair.com/sport/e-sports/csgo-weplay-academy-league/young-ninjas-v-astralis-talent/31151073?xsrftoken=4150f2f1-6c8f-11ec-91a4-fa163ed3e60c,Bet on E-sports with Betfair™ Sportsbook and browse E-sports betting odds on your favourite markets. ✓Bet In-Play ✓Cash Out ✓ E-sports Gambling,E-sports Betting & E-sports Odds » Betfair™ Sportsbook
https://www.betfair.com/sport/tennis/wta-adelaide-international-1-2022/kenin-melichar-v-blinkova-eikeri/31155501?selectedGroup=-78637064&xsrftoken=4150f2f1-6c8f-11ec-91a4-fa163ed3e60c,Bet on Tennis with Betfair™ Sportsbook and browse Tennis betting odds on your favourite markets. ✓Bet In-Play ✓Cash Out ✓Tennis Betting Odds,Tennis Betting & Tennis Odds » Betfair™ Sportsbook
https://www.betfair.com/sport/basketball/ncaab/colorado-oregon/31156230?selectedGroup=-78637064&xsrftoken=4150f2f1-6c8f-11ec-91a4-fa163ed3e60c,Bet on Basketball with Betfair™ Sportsbook and browse Basketball betting odds on your favourite markets. ✓Bet In-Play ✓Cash Out ✓Basketball Betting Odds,Basketball Betting & Basketball Odds » Betfair™ Sportsbook
https://www.betfair.com/sport/tennis/wta-melbourne-summer-set-2-2022/pegula-v-begu/31155664?selectedGroup=-78637064&xsrftoken=4150f2f1-6c8f-11ec-91a4-fa163ed3e60c,Bet on Tennis with Betfair™ Sportsbook and browse Tennis betting odds on your favourite markets. ✓Bet In-Play ✓Cash Out ✓Tennis Betting Odds,Tennis Betting & Tennis Odds » Betfair™ Sportsbook
https://www.betfair.com/sport/football/greek-super-league/panathinaikos-v-aris/31149841?selectedGroup=65921&xsrftoken=4150f2f1-6c8f-11ec-91a4-fa163ed3e60c,Bet on Football with Betfair™ Sportsbook and browse Football betting odds on your favourite markets. ✓Bet In-Play ✓Cash Out ✓Football Betting Odds,Football Betting & Football Odds Online » Betfair™ Sportsbook
https://www.betfair.com/sport/ice-hockey/russian-khl/hc-red-star-kunlun-v-severstal-cherepovets/31153918?selectedGroup=-78637064&xsrftoken=4150f2f1-6c8f-11ec-91a4-fa163ed3e60c,Bet on Ice Hockey with Betfair™ Sportsbook and browse Ice Hockey betting odds on your favourite markets. ✓Bet In-Play ✓Cash Out ✓Ice Hockey Betting Odds,Ice Hockey Betting & Ice Hockey Odds Online » Betfair™ Sportsbook
https://www.betfair.com/sport/basketball/nba/detroit-pistons-milwaukee-bucks/31153675?selectedGroup=-78637064&xsrftoken=4150f2f1-6c8f-11ec-91a4-fa163ed3e60c,Bet on Basketball with Betfair™ Sportsbook and browse Basketball betting odds on your favourite markets. ✓Bet In-Play ✓Cash Out ✓Basketball Betting Odds,Basketball Betting & Basketball Odds » Betfair™ Sportsbook
https://s5.sir.sportradar.com/sbobet,Sports Statistics,Statistics
https://www.betfair.com/sport/football/mexican-liga-mx/san-luis-v-pachuca/31143180?selectedGroup=65921&xsrftoken=4150f2f1-6c8f-11ec-91a4-fa163ed3e60c,Bet on Football with Betfair™ Sportsbook and browse Football betting odds on your favourite markets. ✓Bet In-Play ✓Cash Out ✓Football Betting Odds,Football Betting & Football Odds Online » Betfair™ Sportsbook
https://www.betfair.com/sport/football/german-3-liga/tsv-havelse-v-duisburg/31138609?selectedGroup=65921&xsrftoken=4150f2f1-6c8f-11ec-91a4-fa163ed3e60c,Bet on Football with Betfair™ Sportsbook and browse Football betting odds on your favourite markets. ✓Bet In-Play ✓Cash Out ✓Football Betting Odds,Football Betting & Football Odds Online » Betfair™ Sportsbook
https://www.betfair.com/sport/american-football/nfl/indianapolis-colts-jacksonville-jaguars/31150470?selectedGroup=-78637064&xsrftoken=4150f2f1-6c8f-11ec-91a4-fa163ed3e60c,Bet on American Football with Betfair™ Sportsbook and browse American Football betting odds on your favourite markets. ✓Bet In-Play ✓Cash Out ✓American Football Betting Odds,American Football Betting & American Football Odds Online » Betfair™ Sportsbook
https://www.betfair.com/sport/football/spanish-la-liga/sevilla-v-getafe/31139590?selectedGroup=65921&xsrftoken=4150f2f1-6c8f-11ec-91a4-fa163ed3e60c,Bet on Football with Betfair™ Sportsbook and browse Football betting odds on your favourite markets. ✓Bet In-Play ✓Cash Out ✓Football Betting Odds,Football Betting & Football Odds Online » Betfair™ Sportsbook
https://www.betfair.com/sport/tennis/wta-melbourne-summer-set-1-2022/s-zhang-v-burel/31155538?selectedGroup=-78637064&xsrftoken=4150f2f1-6c8f-11ec-91a4-fa163ed3e60c,Bet on Tennis with Betfair™ Sportsbook and browse Tennis betting odds on your favourite markets. ✓Bet In-Play ✓Cash Out ✓Tennis Betting Odds,Tennis Betting & Tennis Odds » Betfair™ Sportsbook
https://www.betfair.com/sport/rugby-union/the-six-nations/ireland-v-wales/31086328?xsrftoken=4150f2f1-6c8f-11ec-91a4-fa163ed3e60c,Bet on Rugby Union with Betfair™ Sportsbook and browse Rugby Union betting odds on your favourite markets. ✓Bet In-Play ✓Cash Out ✓Rugby Union Betting Odds,Rugby Union Betting & Rugby Union Odds » Betfair™ Sportsbook
https://www.betfair.com/sport/football/spanish-copa-del-rey/sporting-gijon-v-villarreal/31144639?selectedGroup=65921&xsrftoken=4150f2f1-6c8f-11ec-91a4-fa163ed3e60c,Bet on Football with Betfair™ Sportsbook and browse Football betting odds on your favourite markets. ✓Bet In-Play ✓Cash Out ✓Football Betting Odds,Football Betting & Football Odds Online » Betfair™ Sportsbook
https://s5.sir.sportradar.com/unibet/en/match/m1018297410,Sports Statistics,Round 1 - The Masters 2022 - International - Snooker - Unibet
https://s5.sir.sportradar.com/unibet/en/19/season/83548/h2h/22458/48347/match/30888891,Sports Statistics,Head to Head - The Masters 2022 - International - Snooker - Unibet
https://s5.sir.sportradar.com/unibet/en/match/m1018340740,Sports Statistics,Unibet
https://s5.sir.sportradar.com/unibet/en,Sports Statistics,Unibet
https://s5.sir.sportradar.com/unibet/en/match/m1018297415,Sports Statistics,Round 1 - The Masters 2022 - International - Snooker - Unibet
https://s5.sir.sportradar.com/unibet/en/19/season/83548/h2h/22449/78085/match/30888893,Sports Statistics,Head to Head - The Masters 2022 - International - Snooker - Unibet
https://s5.sir.sportradar.com/unibet/en/match/m1018287673,Sports Statistics,Round 1 - HockeyEttan 21/22 - Sweden - Ice Hockey - Unibet
https://s5.sir.sportradar.com/unibet/en/4/season/85164/h2h/37072/49553/match/31005271,Sports Statistics,Head to Head - HockeyEttan 21/22 - Sweden - Ice Hockey - Unibet
https://www.betfair.com/sport/ice-hockey/russian-khl/hc-red-star-kunlun-v-severstal-cherepovets/31153918?selectedGroup=-78637064&xsrftoken=4d4edd61-6c8f-11ec-9c9f-fa163ef6fcc7,Bet on Ice Hockey with Betfair™ Sportsbook and browse Ice Hockey betting odds on your favourite markets. ✓Bet In-Play ✓Cash Out ✓Ice Hockey Betting Odds,Ice Hockey Betting & Ice Hockey Odds Online » Betfair™ Sportsbook
https://www.betfair.com/sport/e-sports/csgo-weplay-academy-league/young-ninjas-v-astralis-talent/31151073?xsrftoken=4d4edd61-6c8f-11ec-9c9f-fa163ef6fcc7,Bet on E-sports with Betfair™ Sportsbook and browse E-sports betting odds on your favourite markets. ✓Bet In-Play ✓Cash Out ✓ E-sports Gambling,E-sports Betting & E-sports Odds » Betfair™ Sportsbook
https://www.betfair.com/sport/football/russian-premier-league/sochi-v-arsenal-tula/31145368?selectedGroup=65921&xsrftoken=4d4edd61-6c8f-11ec-9c9f-fa163ef6fcc7,Bet on Football with Betfair™ Sportsbook and browse Football betting odds on your favourite markets. ✓Bet In-Play ✓Cash Out ✓Football Betting Odds,Football Betting & Football Odds Online » Betfair™ Sportsbook
https://www.betfair.com/sport/football/german-bundesliga/bochum-v-wolfsburg/31132281?selectedGroup=65921&xsrftoken=4d4edd61-6c8f-11ec-9c9f-fa163ef6fcc7,Bet on Football with Betfair™ Sportsbook and browse Football betting odds on your favourite markets. ✓Bet In-Play ✓Cash Out ✓Football Betting Odds,Football Betting & Football Odds Online » Betfair™ Sportsbook
https://s5.sir.sportradar.com/unibet/en/match/m1007841413,Sports Statistics,Round 21 - Serie A 21/22 - Italy - Football - Unibet
https://www.betfair.com/sport/american-football/nfl/indianapolis-colts-jacksonville-jaguars/31150470?selectedGroup=-78637064&xsrftoken=4d4edd61-6c8f-11ec-9c9f-fa163ef6fcc7,Bet on American Football with Betfair™ Sportsbook and browse American Football betting odds on your favourite markets. ✓Bet In-Play ✓Cash Out ✓American Football Betting Odds,American Football Betting & American Football Odds Online » Betfair™ Sportsbook
https://s5.sir.sportradar.com/unibet/en/1/season/83944/h2h/2714/2711/match/28160240,Sports Statistics,Head to Head - Serie A 21/22 - Italy - Football - Unibet
https://www.betfair.com/sport/rugby-union/the-six-nations/ireland-v-wales/31086328?xsrftoken=4d4edd61-6c8f-11ec-9c9f-fa163ef6fcc7,Bet on Rugby Union with Betfair™ Sportsbook and browse Rugby Union betting odds on your favourite markets. ✓Bet In-Play ✓Cash Out ✓Rugby Union Betting Odds,Rugby Union Betting & Rugby Union Odds » Betfair™ Sportsbook
https://www.betfair.com/sport/football/spanish-copa-del-rey/sporting-gijon-v-villarreal/31144639?selectedGroup=65921&xsrftoken=4d4edd61-6c8f-11ec-9c9f-fa163ef6fcc7,Bet on Football with Betfair™ Sportsbook and browse Football betting odds on your favourite markets. ✓Bet In-Play ✓Cash Out ✓Football Betting Odds,Football Betting & Football Odds Online » Betfair™ Sportsbook
https://www.betfair.com/sport/basketball/nba/detroit-pistons-milwaukee-bucks/31153675?selectedGroup=-78637064&xsrftoken=4d4edd61-6c8f-11ec-9c9f-fa163ef6fcc7,Bet on Basketball with Betfair™ Sportsbook and browse Basketball betting odds on your favourite markets. ✓Bet In-Play ✓Cash Out ✓Basketball Betting Odds,Basketball Betting & Basketball Odds » Betfair™ Sportsbook
https://www.betfair.com/sport/football/greek-super-league/panathinaikos-v-aris/31149841?selectedGroup=65921&xsrftoken=4d4edd61-6c8f-11ec-9c9f-fa163ef6fcc7,Bet on Football with Betfair™ Sportsbook and browse Football betting odds on your favourite markets. ✓Bet In-Play ✓Cash Out ✓Football Betting Odds,Football Betting & Football Odds Online » Betfair™ Sportsbook
https://www.betfair.com/sport/football/german-3-liga/tsv-havelse-v-duisburg/31138609?selectedGroup=65921&xsrftoken=4d4edd61-6c8f-11ec-9c9f-fa163ef6fcc7,Bet on Football with Betfair™ Sportsbook and browse Football betting odds on your favourite markets. ✓Bet In-Play ✓Cash Out ✓Football Betting Odds,Football Betting & Football Odds Online » Betfair™ Sportsbook
https://s5.sir.sportradar.com/unibet/en/match/m1018332686,Sports Statistics,Unibet
https://www.betfair.com/sport/tennis/wta-melbourne-summer-set-2-2022/pegula-v-begu/31155664?selectedGroup=-78637064&xsrftoken=4d4edd61-6c8f-11ec-9c9f-fa163ef6fcc7,Bet on Tennis with Betfair™ Sportsbook and browse Tennis betting odds on your favourite markets. ✓Bet In-Play ✓Cash Out ✓Tennis Betting Odds,Tennis Betting & Tennis Odds » Betfair™ Sportsbook
https://www.betfair.com/sport/table-tennis/moscow-liga-pro/viktor-rakhmanovskii-v-egor-evgenyevich-markelov/31157202?selectedGroup=-78637064&xsrftoken=4d4edd61-6c8f-11ec-9c9f-fa163ef6fcc7,Bet on Table Tennis with Betfair™ Sportsbook and browse Table Tennis betting odds on your favourite markets. ✓Bet In-Play ✓Cash Out ✓Table Tennis Betting Odds,Table Tennis Betting & Table Tennis Odds Online » Betfair™ Sportsbook
https://www.betfair.com/sport/tennis/wta-adelaide-international-1-2022/kenin-melichar-v-blinkova-eikeri/31155501?selectedGroup=-78637064&xsrftoken=4d4edd61-6c8f-11ec-9c9f-fa163ef6fcc7,Bet on Tennis with Betfair™ Sportsbook and browse Tennis betting odds on your favourite markets. ✓Bet In-Play ✓Cash Out ✓Tennis Betting Odds,Tennis Betting & Tennis Odds » Betfair™ Sportsbook
https://s5.sir.sportradar.com/unibet/en/match-not-supported,Sports Statistics,Unibet
https://www.betfair.com/sport/football/english-fa-cup/millwall-v-crystal-palace/31144152?selectedGroup=65921&xsrftoken=4d4edd61-6c8f-11ec-9c9f-fa163ef6fcc7,Bet on Football with Betfair™ Sportsbook and browse Football betting odds on your favourite markets. ✓Bet In-Play ✓Cash Out ✓Football Betting Odds,Football Betting & Football Odds Online » Betfair™ Sportsbook
https://www.betfair.com/sport/basketball/ncaab/colorado-oregon/31156230?selectedGroup=-78637064&xsrftoken=4d4edd61-6c8f-11ec-9c9f-fa163ef6fcc7,Bet on Basketball with Betfair™ Sportsbook and browse Basketball betting odds on your favourite markets. ✓Bet In-Play ✓Cash Out ✓Basketball Betting Odds,Basketball Betting & Basketball Odds » Betfair™ Sportsbook
https://www.betfair.com/sport/tennis/wta-melbourne-summer-set-1-2022/s-zhang-v-burel/31155538?selectedGroup=-78637064&xsrftoken=4d4edd61-6c8f-11ec-9c9f-fa163ef6fcc7,Bet on Tennis with Betfair™ Sportsbook and browse Tennis betting odds on your favourite markets. ✓Bet In-Play ✓Cash Out ✓Tennis Betting Odds,Tennis Betting & Tennis Odds » Betfair™ Sportsbook
https://www.betfair.com/sport/football/spanish-la-liga/sevilla-v-getafe/31139590?selectedGroup=65921&xsrftoken=4d4edd61-6c8f-11ec-9c9f-fa163ef6fcc7,Bet on Football with Betfair™ Sportsbook and browse Football betting odds on your favourite markets. ✓Bet In-Play ✓Cash Out ✓Football Betting Odds,Football Betting & Football Odds Online » Betfair™ Sportsbook
https://www.betfair.com/sport/football/mexican-liga-mx/san-luis-v-pachuca/31143180?selectedGroup=65921&xsrftoken=4d4edd61-6c8f-11ec-9c9f-fa163ef6fcc7,Bet on Football with Betfair™ Sportsbook and browse Football betting odds on your favourite markets. ✓Bet In-Play ✓Cash Out ✓Football Betting Odds,Football Betting & Football Odds Online » Betfair™ Sportsbook
https://www.betfair.com/sport/football/french-ligue-2/toulouse-v-pau/31147933?selectedGroup=65921&xsrftoken=4d4edd61-6c8f-11ec-9c9f-fa163ef6fcc7,Bet on Football with Betfair™ Sportsbook and browse Football betting odds on your favourite markets. ✓Bet In-Play ✓Cash Out ✓Football Betting Odds,Football Betting & Football Odds Online » Betfair™ Sportsbook
https://s5.sir.sportradar.com/unibet/en/match/m1007750437,Sports Statistics,Round 20 - Ekstraklasa 21/22 - Poland - Football - Unibet
https://s5.sir.sportradar.com/unibet/en/1/season/84320/h2h/38732/3110/match/27824264,Sports Statistics,Head to Head - Ekstraklasa 21/22 - Poland - Football - Unibet
https://www.betfair.com/sport/football/french-ligue-2/toulouse-v-pau/31147933?selectedGroup=65921&xsrftoken=5883f991-6c8f-11ec-9e7c-fa163eb25e79,Bet on Football with Betfair™ Sportsbook and browse Football betting odds on your favourite markets. ✓Bet In-Play ✓Cash Out ✓Football Betting Odds,Football Betting & Football Odds Online » Betfair™ Sportsbook
https://www.betfair.com/sport/table-tennis/moscow-liga-pro/viktor-rakhmanovskii-v-egor-evgenyevich-markelov/31157202?selectedGroup=-78637064&xsrftoken=5883f991-6c8f-11ec-9e7c-fa163eb25e79,Bet on Table Tennis with Betfair™ Sportsbook and browse Table Tennis betting odds on your favourite markets. ✓Bet In-Play ✓Cash Out ✓Table Tennis Betting Odds,Table Tennis Betting & Table Tennis Odds Online » Betfair™ Sportsbook
https://www.betfair.com/sport/rugby-union/the-six-nations/ireland-v-wales/31086328?xsrftoken=5883f991-6c8f-11ec-9e7c-fa163eb25e79,Bet on Rugby Union with Betfair™ Sportsbook and browse Rugby Union betting odds on your favourite markets. ✓Bet In-Play ✓Cash Out ✓Rugby Union Betting Odds,Rugby Union Betting & Rugby Union Odds » Betfair™ Sportsbook
https://www.betfair.com/sport/football/german-3-liga/tsv-havelse-v-duisburg/31138609?selectedGroup=65921&xsrftoken=5883f991-6c8f-11ec-9e7c-fa163eb25e79,Bet on Football with Betfair™ Sportsbook and browse Football betting odds on your favourite markets. ✓Bet In-Play ✓Cash Out ✓Football Betting Odds,Football Betting & Football Odds Online » Betfair™ Sportsbook
https://www.betfair.com/sport/football/german-bundesliga/bochum-v-wolfsburg/31132281?selectedGroup=65921&xsrftoken=5883f991-6c8f-11ec-9e7c-fa163eb25e79,Bet on Football with Betfair™ Sportsbook and browse Football betting odds on your favourite markets. ✓Bet In-Play ✓Cash Out ✓Football Betting Odds,Football Betting & Football Odds Online » Betfair™ Sportsbook
https://www.betfair.com/sport/ice-hockey/russian-khl/hc-red-star-kunlun-v-severstal-cherepovets/31153918?selectedGroup=-78637064&xsrftoken=5883f991-6c8f-11ec-9e7c-fa163eb25e79,Bet on Ice Hockey with Betfair™ Sportsbook and browse Ice Hockey betting odds on your favourite markets. ✓Bet In-Play ✓Cash Out ✓Ice Hockey Betting Odds,Ice Hockey Betting & Ice Hockey Odds Online » Betfair™ Sportsbook
https://www.betfair.com/sport/basketball/ncaab/colorado-oregon/31156230?selectedGroup=-78637064&xsrftoken=5883f991-6c8f-11ec-9e7c-fa163eb25e79,Bet on Basketball with Betfair™ Sportsbook and browse Basketball betting odds on your favourite markets. ✓Bet In-Play ✓Cash Out ✓Basketball Betting Odds,Basketball Betting & Basketball Odds » Betfair™ Sportsbook
https://www.betfair.com/sport/football/spanish-copa-del-rey/sporting-gijon-v-villarreal/31144639?selectedGroup=65921&xsrftoken=5883f991-6c8f-11ec-9e7c-fa163eb25e79,Bet on Football with Betfair™ Sportsbook and browse Football betting odds on your favourite markets. ✓Bet In-Play ✓Cash Out ✓Football Betting Odds,Football Betting & Football Odds Online » Betfair™ Sportsbook
https://www.betfair.com/sport/tennis/wta-melbourne-summer-set-1-2022/s-zhang-v-burel/31155538?selectedGroup=-78637064&xsrftoken=5883f991-6c8f-11ec-9e7c-fa163eb25e79,Bet on Tennis with Betfair™ Sportsbook and browse Tennis betting odds on your favourite markets. ✓Bet In-Play ✓Cash Out ✓Tennis Betting Odds,Tennis Betting & Tennis Odds » Betfair™ Sportsbook
https://ok.ru/dk?cmd=AnonymLogin&st.cmd=anonymLogin,"Одноклассники.ру это социальная сеть, где вы можете найти своих старых друзей. Общение, онлайн игры, подарки и открытки для друзей. Приходите в ОК, делитесь своими эмоциями с друзьями, коллегами и одноклассниками.",Социальная сеть Одноклассники. Общение с друзьями в ОК. Ваше место встречи с одноклассниками
https://www.betfair.com/sport/basketball/nba/detroit-pistons-milwaukee-bucks/31153675?selectedGroup=-78637064&xsrftoken=5883f991-6c8f-11ec-9e7c-fa163eb25e79,Bet on Basketball with Betfair™ Sportsbook and browse Basketball betting odds on your favourite markets. ✓Bet In-Play ✓Cash Out ✓Basketball Betting Odds,Basketball Betting & Basketball Odds » Betfair™ Sportsbook
https://www.betfair.com/sport/american-football/nfl/indianapolis-colts-jacksonville-jaguars/31150470?selectedGroup=-78637064&xsrftoken=5883f991-6c8f-11ec-9e7c-fa163eb25e79,Bet on American Football with Betfair™ Sportsbook and browse American Football betting odds on your favourite markets. ✓Bet In-Play ✓Cash Out ✓American Football Betting Odds,American Football Betting & American Football Odds Online » Betfair™ Sportsbook
https://www.betfair.com/sport/tennis/wta-adelaide-international-1-2022/kenin-melichar-v-blinkova-eikeri/31155501?selectedGroup=-78637064&xsrftoken=5883f991-6c8f-11ec-9e7c-fa163eb25e79,Bet on Tennis with Betfair™ Sportsbook and browse Tennis betting odds on your favourite markets. ✓Bet In-Play ✓Cash Out ✓Tennis Betting Odds,Tennis Betting & Tennis Odds » Betfair™ Sportsbook
https://www.betfair.com/sport/football/spanish-la-liga/sevilla-v-getafe/31139590?selectedGroup=65921&xsrftoken=5883f991-6c8f-11ec-9e7c-fa163eb25e79,Bet on Football with Betfair™ Sportsbook and browse Football betting odds on your favourite markets. ✓Bet In-Play ✓Cash Out ✓Football Betting Odds,Football Betting & Football Odds Online » Betfair™ Sportsbook
https://www.betfair.com/sport/e-sports/csgo-weplay-academy-league/young-ninjas-v-astralis-talent/31151073?xsrftoken=5883f991-6c8f-11ec-9e7c-fa163eb25e79,Bet on E-sports with Betfair™ Sportsbook and browse E-sports betting odds on your favourite markets. ✓Bet In-Play ✓Cash Out ✓ E-sports Gambling,E-sports Betting & E-sports Odds » Betfair™ Sportsbook
https://www.betfair.com/sport/football/russian-premier-league/sochi-v-arsenal-tula/31145368?selectedGroup=65921&xsrftoken=5883f991-6c8f-11ec-9e7c-fa163eb25e79,Bet on Football with Betfair™ Sportsbook and browse Football betting odds on your favourite markets. ✓Bet In-Play ✓Cash Out ✓Football Betting Odds,Football Betting & Football Odds Online » Betfair™ Sportsbook
https://www.betfair.com/sport/football/greek-super-league/panathinaikos-v-aris/31149841?selectedGroup=65921&xsrftoken=5883f991-6c8f-11ec-9e7c-fa163eb25e79,Bet on Football with Betfair™ Sportsbook and browse Football betting odds on your favourite markets. ✓Bet In-Play ✓Cash Out ✓Football Betting Odds,Football Betting & Football Odds Online » Betfair™ Sportsbook
https://www.betfair.com/sport/tennis/wta-melbourne-summer-set-2-2022/pegula-v-begu/31155664?selectedGroup=-78637064&xsrftoken=5883f991-6c8f-11ec-9e7c-fa163eb25e79,Bet on Tennis with Betfair™ Sportsbook and browse Tennis betting odds on your favourite markets. ✓Bet In-Play ✓Cash Out ✓Tennis Betting Odds,Tennis Betting & Tennis Odds » Betfair™ Sportsbook
https://www.betfair.com/sport/football/english-fa-cup/millwall-v-crystal-palace/31144152?selectedGroup=65921&xsrftoken=5883f991-6c8f-11ec-9e7c-fa163eb25e79,Bet on Football with Betfair™ Sportsbook and browse Football betting odds on your favourite markets. ✓Bet In-Play ✓Cash Out ✓Football Betting Odds,Football Betting & Football Odds Online » Betfair™ Sportsbook
https://www.betfair.com/sport/football/mexican-liga-mx/san-luis-v-pachuca/31143180?selectedGroup=65921&xsrftoken=5883f991-6c8f-11ec-9e7c-fa163eb25e79,Bet on Football with Betfair™ Sportsbook and browse Football betting odds on your favourite markets. ✓Bet In-Play ✓Cash Out ✓Football Betting Odds,Football Betting & Football Odds Online » Betfair™ Sportsbook
https://www.betfair.com/sport/tennis/wta-melbourne-summer-set-1-2022/s-zhang-v-burel/31155538?selectedGroup=-78637064&xsrftoken=68fbfa71-6c8f-11ec-af66-fa163eef92a6,Bet on Tennis with Betfair™ Sportsbook and browse Tennis betting odds on your favourite markets. ✓Bet In-Play ✓Cash Out ✓Tennis Betting Odds,Tennis Betting & Tennis Odds » Betfair™ Sportsbook
https://www.betfair.com/sport/football/mexican-liga-mx/san-luis-v-pachuca/31143180?selectedGroup=65921&xsrftoken=68fbfa71-6c8f-11ec-af66-fa163eef92a6,Bet on Football with Betfair™ Sportsbook and browse Football betting odds on your favourite markets. ✓Bet In-Play ✓Cash Out ✓Football Betting Odds,Football Betting & Football Odds Online » Betfair™ Sportsbook
https://www.betfair.com/sport/football/english-fa-cup/millwall-v-crystal-palace/31144152?selectedGroup=65921&xsrftoken=68fbfa71-6c8f-11ec-af66-fa163eef92a6,Bet on Football with Betfair™ Sportsbook and browse Football betting odds on your favourite markets. ✓Bet In-Play ✓Cash Out ✓Football Betting Odds,Football Betting & Football Odds Online » Betfair™ Sportsbook
https://www.betfair.com/sport/football/spanish-la-liga/sevilla-v-getafe/31139590?selectedGroup=65921&xsrftoken=68fbfa71-6c8f-11ec-af66-fa163eef92a6,Bet on Football with Betfair™ Sportsbook and browse Football betting odds on your favourite markets. ✓Bet In-Play ✓Cash Out ✓Football Betting Odds,Football Betting & Football Odds Online » Betfair™ Sportsbook
https://www.betfair.com/sport/ice-hockey/russian-khl/hc-red-star-kunlun-v-severstal-cherepovets/31153918?selectedGroup=-78637064&xsrftoken=68fbfa71-6c8f-11ec-af66-fa163eef92a6,Bet on Ice Hockey with Betfair™ Sportsbook and browse Ice Hockey betting odds on your favourite markets. ✓Bet In-Play ✓Cash Out ✓Ice Hockey Betting Odds,Ice Hockey Betting & Ice Hockey Odds Online » Betfair™ Sportsbook
https://www.betfair.com/sport/football/russian-premier-league/sochi-v-arsenal-tula/31145368?selectedGroup=65921&xsrftoken=68fbfa71-6c8f-11ec-af66-fa163eef92a6,Bet on Football with Betfair™ Sportsbook and browse Football betting odds on your favourite markets. ✓Bet In-Play ✓Cash Out ✓Football Betting Odds,Football Betting & Football Odds Online » Betfair™ Sportsbook
https://www.betfair.com/sport/rugby-union/the-six-nations/ireland-v-wales/31086328?xsrftoken=68fbfa71-6c8f-11ec-af66-fa163eef92a6,Bet on Rugby Union with Betfair™ Sportsbook and browse Rugby Union betting odds on your favourite markets. ✓Bet In-Play ✓Cash Out ✓Rugby Union Betting Odds,Rugby Union Betting & Rugby Union Odds » Betfair™ Sportsbook
https://www.betfair.com/sport/football/greek-super-league/panathinaikos-v-aris/31149841?selectedGroup=65921&xsrftoken=68fbfa71-6c8f-11ec-af66-fa163eef92a6,Bet on Football with Betfair™ Sportsbook and browse Football betting odds on your favourite markets. ✓Bet In-Play ✓Cash Out ✓Football Betting Odds,Football Betting & Football Odds Online » Betfair™ Sportsbook
https://www.betfair.com/sport/football/german-bundesliga/bochum-v-wolfsburg/31132281?selectedGroup=65921&xsrftoken=68fbfa71-6c8f-11ec-af66-fa163eef92a6,Bet on Football with Betfair™ Sportsbook and browse Football betting odds on your favourite markets. ✓Bet In-Play ✓Cash Out ✓Football Betting Odds,Football Betting & Football Odds Online » Betfair™ Sportsbook
https://www.betfair.com/sport/football/spanish-copa-del-rey/sporting-gijon-v-villarreal/31144639?selectedGroup=65921&xsrftoken=68fbfa71-6c8f-11ec-af66-fa163eef92a6,Bet on Football with Betfair™ Sportsbook and browse Football betting odds on your favourite markets. ✓Bet In-Play ✓Cash Out ✓Football Betting Odds,Football Betting & Football Odds Online » Betfair™ Sportsbook
https://www.betfair.com/sport/football/french-ligue-2/toulouse-v-pau/31147933?selectedGroup=65921&xsrftoken=68fbfa71-6c8f-11ec-af66-fa163eef92a6,Bet on Football with Betfair™ Sportsbook and browse Football betting odds on your favourite markets. ✓Bet In-Play ✓Cash Out ✓Football Betting Odds,Football Betting & Football Odds Online » Betfair™ Sportsbook
https://www.betfair.com/sport/football/german-3-liga/tsv-havelse-v-duisburg/31138609?selectedGroup=65921&xsrftoken=68fbfa71-6c8f-11ec-af66-fa163eef92a6,Bet on Football with Betfair™ Sportsbook and browse Football betting odds on your favourite markets. ✓Bet In-Play ✓Cash Out ✓Football Betting Odds,Football Betting & Football Odds Online » Betfair™ Sportsbook
https://www.betfair.com/sport/basketball/nba/detroit-pistons-milwaukee-bucks/31153675?selectedGroup=-78637064&xsrftoken=68fbfa71-6c8f-11ec-af66-fa163eef92a6,Bet on Basketball with Betfair™ Sportsbook and browse Basketball betting odds on your favourite markets. ✓Bet In-Play ✓Cash Out ✓Basketball Betting Odds,Basketball Betting & Basketball Odds » Betfair™ Sportsbook
https://www.betfair.com/sport/basketball/ncaab/colorado-oregon/31156230?selectedGroup=-78637064&xsrftoken=68fbfa71-6c8f-11ec-af66-fa163eef92a6,Bet on Basketball with Betfair™ Sportsbook and browse Basketball betting odds on your favourite markets. ✓Bet In-Play ✓Cash Out ✓Basketball Betting Odds,Basketball Betting & Basketball Odds » Betfair™ Sportsbook
https://www.betfair.com/sport/american-football/nfl/indianapolis-colts-jacksonville-jaguars/31150470?selectedGroup=-78637064&xsrftoken=68fbfa71-6c8f-11ec-af66-fa163eef92a6,Bet on American Football with Betfair™ Sportsbook and browse American Football betting odds on your favourite markets. ✓Bet In-Play ✓Cash Out ✓American Football Betting Odds,American Football Betting & American Football Odds Online » Betfair™ Sportsbook
https://www.betfair.com/sport/e-sports/csgo-weplay-academy-league/young-ninjas-v-astralis-talent/31151073?xsrftoken=68fbfa71-6c8f-11ec-af66-fa163eef92a6,Bet on E-sports with Betfair™ Sportsbook and browse E-sports betting odds on your favourite markets. ✓Bet In-Play ✓Cash Out ✓ E-sports Gambling,E-sports Betting & E-sports Odds » Betfair™ Sportsbook
https://www.betfair.com/sport/tennis/wta-adelaide-international-1-2022/kenin-melichar-v-blinkova-eikeri/31155501?selectedGroup=-78637064&xsrftoken=68fbfa71-6c8f-11ec-af66-fa163eef92a6,Bet on Tennis with Betfair™ Sportsbook and browse Tennis betting odds on your favourite markets. ✓Bet In-Play ✓Cash Out ✓Tennis Betting Odds,Tennis Betting & Tennis Odds » Betfair™ Sportsbook
https://www.betfair.com/sport/table-tennis/moscow-liga-pro/viktor-rakhmanovskii-v-egor-evgenyevich-markelov/31157202?selectedGroup=-78637064&xsrftoken=68fbfa71-6c8f-11ec-af66-fa163eef92a6,Bet on Table Tennis with Betfair™ Sportsbook and browse Table Tennis betting odds on your favourite markets. ✓Bet In-Play ✓Cash Out ✓Table Tennis Betting Odds,Table Tennis Betting & Table Tennis Odds Online » Betfair™ Sportsbook
https://www.betfair.com/sport/tennis/wta-melbourne-summer-set-2-2022/pegula-v-begu/31155664?selectedGroup=-78637064&xsrftoken=68fbfa71-6c8f-11ec-af66-fa163eef92a6,Bet on Tennis with Betfair™ Sportsbook and browse Tennis betting odds on your favourite markets. ✓Bet In-Play ✓Cash Out ✓Tennis Betting Odds,Tennis Betting & Tennis Odds » Betfair™ Sportsbook
https://www.betfair.com/sport/rugby-union/the-six-nations/ireland-v-wales/31086328?xsrftoken=752a6ac1-6c8f-11ec-9615-fa163e2807d0,Bet on Rugby Union with Betfair™ Sportsbook and browse Rugby Union betting odds on your favourite markets. ✓Bet In-Play ✓Cash Out ✓Rugby Union Betting Odds,Rugby Union Betting & Rugby Union Odds » Betfair™ Sportsbook
https://www.betfair.com/sport/table-tennis/moscow-liga-pro/viktor-rakhmanovskii-v-egor-evgenyevich-markelov/31157202?selectedGroup=-78637064&xsrftoken=752a6ac1-6c8f-11ec-9615-fa163e2807d0,Bet on Table Tennis with Betfair™ Sportsbook and browse Table Tennis betting odds on your favourite markets. ✓Bet In-Play ✓Cash Out ✓Table Tennis Betting Odds,Table Tennis Betting & Table Tennis Odds Online » Betfair™ Sportsbook
https://www.betfair.com/sport/american-football/nfl/indianapolis-colts-jacksonville-jaguars/31150470?selectedGroup=-78637064&xsrftoken=752a6ac1-6c8f-11ec-9615-fa163e2807d0,Bet on American Football with Betfair™ Sportsbook and browse American Football betting odds on your favourite markets. ✓Bet In-Play ✓Cash Out ✓American Football Betting Odds,American Football Betting & American Football Odds Online » Betfair™ Sportsbook
https://www.betfair.com/sport/football/english-fa-cup/millwall-v-crystal-palace/31144152?selectedGroup=65921&xsrftoken=752a6ac1-6c8f-11ec-9615-fa163e2807d0,Bet on Football with Betfair™ Sportsbook and browse Football betting odds on your favourite markets. ✓Bet In-Play ✓Cash Out ✓Football Betting Odds,Football Betting & Football Odds Online » Betfair™ Sportsbook
https://www.betfair.com/sport/basketball/ncaab/colorado-oregon/31156230?selectedGroup=-78637064&xsrftoken=752a6ac1-6c8f-11ec-9615-fa163e2807d0,Bet on Basketball with Betfair™ Sportsbook and browse Basketball betting odds on your favourite markets. ✓Bet In-Play ✓Cash Out ✓Basketball Betting Odds,Basketball Betting & Basketball Odds » Betfair™ Sportsbook
https://www.betfair.com/sport/tennis/wta-melbourne-summer-set-2-2022/pegula-v-begu/31155664?selectedGroup=-78637064&xsrftoken=752a6ac1-6c8f-11ec-9615-fa163e2807d0,Bet on Tennis with Betfair™ Sportsbook and browse Tennis betting odds on your favourite markets. ✓Bet In-Play ✓Cash Out ✓Tennis Betting Odds,Tennis Betting & Tennis Odds » Betfair™ Sportsbook
https://www.betfair.com/sport/football/russian-premier-league/sochi-v-arsenal-tula/31145368?selectedGroup=65921&xsrftoken=752a6ac1-6c8f-11ec-9615-fa163e2807d0,Bet on Football with Betfair™ Sportsbook and browse Football betting odds on your favourite markets. ✓Bet In-Play ✓Cash Out ✓Football Betting Odds,Football Betting & Football Odds Online » Betfair™ Sportsbook
https://www.betfair.com/sport/football/mexican-liga-mx/san-luis-v-pachuca/31143180?selectedGroup=65921&xsrftoken=752a6ac1-6c8f-11ec-9615-fa163e2807d0,Bet on Football with Betfair™ Sportsbook and browse Football betting odds on your favourite markets. ✓Bet In-Play ✓Cash Out ✓Football Betting Odds,Football Betting & Football Odds Online » Betfair™ Sportsbook
https://www.betfair.com/sport/basketball/nba/detroit-pistons-milwaukee-bucks/31153675?selectedGroup=-78637064&xsrftoken=752a6ac1-6c8f-11ec-9615-fa163e2807d0,Bet on Basketball with Betfair™ Sportsbook and browse Basketball betting odds on your favourite markets. ✓Bet In-Play ✓Cash Out ✓Basketball Betting Odds,Basketball Betting & Basketball Odds » Betfair™ Sportsbook
https://www.betfair.com/sport/football/german-3-liga/tsv-havelse-v-duisburg/31138609?selectedGroup=65921&xsrftoken=752a6ac1-6c8f-11ec-9615-fa163e2807d0,Bet on Football with Betfair™ Sportsbook and browse Football betting odds on your favourite markets. ✓Bet In-Play ✓Cash Out ✓Football Betting Odds,Football Betting & Football Odds Online » Betfair™ Sportsbook
https://www.betfair.com/sport/football/spanish-la-liga/sevilla-v-getafe/31139590?selectedGroup=65921&xsrftoken=752a6ac1-6c8f-11ec-9615-fa163e2807d0,Bet on Football with Betfair™ Sportsbook and browse Football betting odds on your favourite markets. ✓Bet In-Play ✓Cash Out ✓Football Betting Odds,Football Betting & Football Odds Online » Betfair™ Sportsbook
https://www.pornhub.com/information/terms,"Welcome to Pornhub.com, home of the best hardcore free porn videos with the hottest amateur models. Stream full-length scenes for free from your favorite porn studios 24/7!",Terms Of Service | Pornhub.com
https://www.betfair.com/sport/e-sports/csgo-weplay-academy-league/young-ninjas-v-astralis-talent/31151073?xsrftoken=752a6ac1-6c8f-11ec-9615-fa163e2807d0,Bet on E-sports with Betfair™ Sportsbook and browse E-sports betting odds on your favourite markets. ✓Bet In-Play ✓Cash Out ✓ E-sports Gambling,E-sports Betting & E-sports Odds » Betfair™ Sportsbook
https://www.betfair.com/sport/football/greek-super-league/panathinaikos-v-aris/31149841?selectedGroup=65921&xsrftoken=752a6ac1-6c8f-11ec-9615-fa163e2807d0,Bet on Football with Betfair™ Sportsbook and browse Football betting odds on your favourite markets. ✓Bet In-Play ✓Cash Out ✓Football Betting Odds,Football Betting & Football Odds Online » Betfair™ Sportsbook
https://www.betfair.com/sport/football/french-ligue-2/toulouse-v-pau/31147933?selectedGroup=65921&xsrftoken=752a6ac1-6c8f-11ec-9615-fa163e2807d0,Bet on Football with Betfair™ Sportsbook and browse Football betting odds on your favourite markets. ✓Bet In-Play ✓Cash Out ✓Football Betting Odds,Football Betting & Football Odds Online » Betfair™ Sportsbook
https://www.betfair.com/sport/tennis/wta-adelaide-international-1-2022/kenin-melichar-v-blinkova-eikeri/31155501?selectedGroup=-78637064&xsrftoken=752a6ac1-6c8f-11ec-9615-fa163e2807d0,Bet on Tennis with Betfair™ Sportsbook and browse Tennis betting odds on your favourite markets. ✓Bet In-Play ✓Cash Out ✓Tennis Betting Odds,Tennis Betting & Tennis Odds » Betfair™ Sportsbook
https://www.betfair.com/sport/football/german-bundesliga/bochum-v-wolfsburg/31132281?selectedGroup=65921&xsrftoken=752a6ac1-6c8f-11ec-9615-fa163e2807d0,Bet on Football with Betfair™ Sportsbook and browse Football betting odds on your favourite markets. ✓Bet In-Play ✓Cash Out ✓Football Betting Odds,Football Betting & Football Odds Online » Betfair™ Sportsbook
https://www.betfair.com/sport/football/spanish-copa-del-rey/sporting-gijon-v-villarreal/31144639?selectedGroup=65921&xsrftoken=752a6ac1-6c8f-11ec-9615-fa163e2807d0,Bet on Football with Betfair™ Sportsbook and browse Football betting odds on your favourite markets. ✓Bet In-Play ✓Cash Out ✓Football Betting Odds,Football Betting & Football Odds Online » Betfair™ Sportsbook
https://www.betfair.com/sport/tennis/wta-melbourne-summer-set-1-2022/s-zhang-v-burel/31155538?selectedGroup=-78637064&xsrftoken=752a6ac1-6c8f-11ec-9615-fa163e2807d0,Bet on Tennis with Betfair™ Sportsbook and browse Tennis betting odds on your favourite markets. ✓Bet In-Play ✓Cash Out ✓Tennis Betting Odds,Tennis Betting & Tennis Odds » Betfair™ Sportsbook
https://www.betfair.com/sport/ice-hockey/russian-khl/hc-red-star-kunlun-v-severstal-cherepovets/31153918?selectedGroup=-78637064&xsrftoken=752a6ac1-6c8f-11ec-9615-fa163e2807d0,Bet on Ice Hockey with Betfair™ Sportsbook and browse Ice Hockey betting odds on your favourite markets. ✓Bet In-Play ✓Cash Out ✓Ice Hockey Betting Odds,Ice Hockey Betting & Ice Hockey Odds Online » Betfair™ Sportsbook
https://www.ceneo.pl/My-Account/Login?ReturnUrl=%2fssl-My-Wish-Lists%2fUlubione,"Porównywarka cen Ceneo.pl - znajdź produkt oraz sprawdź i porównaj jego cenę w sklepach internetowych. Perfumy, AGD, RTV, komputery, laptopy, fotografia","Ceneo - porównanie cen, sklepy, perfumy, agd, rtv, komputery"
https://www.ceneo.pl/My-Account/UserData,"Porównywarka cen Ceneo.pl - znajdź produkt oraz sprawdź i porównaj jego cenę w sklepach internetowych. Perfumy, AGD, RTV, komputery, laptopy, fotografia","Ceneo - porównanie cen, sklepy, perfumy, agd, rtv, komputery"
https://o2.mail.ru/token,"Почта Mail.ru — крупнейшая бесплатная почта, быстрый и удобный интерфейс, неограниченный объем ящика, надежная защита от спама и вирусов, мобильная версия и приложения для смартфонов. Доступ по IMAP, SMS-уведомления, интерфейс на разных языках и темы оформления Почты. Также на Mail.ru: новости, поиск в интернете, авто, спорт, игры, знакомства, погода, работа.","Mail.ru: почта, поиск в интернете, новости, игры"
https://www.moonlogin.com/Account/Login,Moon Login,Log in - Moon Login
http://ya.ru/,Найдётся всё,Ой!
http://www.liveinternet.ru/,"LiveInternet - крупный сервис дневников и сообществ, авторитетный сервис статистики для сайтов","LiveInternet @ Статистика и дневники, почта и поиск"
https://coinad.media/index.php?page=index/register/2,"Crypto Advertising Network – Your ads on 160+ leading crypto sites! Audience 100% Crypto. We offer CPC and CPM. CPC: $0,10 in one click. CPM: $0,30 for 1000 impressions. Sign up and get a free $25 bonus on your first ad campaign!",Register - CoinAD.media
https://northdevonhogroast.co.uk/?p=1945,"Zudem sollte sich ein Unternehmen in seiner Branche vernetzen, der 5 Jahre mehr in seine Ausbildung investiert hat. Kapitalanlage studentenwohnheim hamburg",In Welche Währung Jetzt Investieren | Ihre langfristige Kapitalanlage in Aktien - North Devon Hog Roast
https://www.youtube.com/,"Enjoy the videos and music you love, upload original content, and share it all with friends, family, and the world on YouTube.",YouTube
http://animeonline.com.pl/?p=2333,"Cena domeny: 750 PLN (do negocjacji). Możliwość kupna na raty od 46.88 PLN miesięcznie. Oferta sprzedaży znajduje się w serwisie AfterMarket.pl, największej giełdzie domen internetowych w Polsce.",Oferta sprzedaży domeny: animeonline.com.pl
https://www.scale4media.com/?p=2757,"Wie und warum soll ich bitcoin kaufen? So sollen in Nordrhein-Westfalen alle 2,5 Millionen Schüler ab dem, etoro coins also schon vor Christi Geburt. Raspberry pi kaufen saturn da die Bandbreite begrenzt ist, zum Zeitpunkt des ersten Token-Verkaufs einen Großteil ihrer verfügbaren Token für einen späteren Kapitalbedarf aufzuheben. Coins aus diesem Bereich sind das Kreditprotokoll, […]",Kapitalerträge Aus Kryptowährungen | Wozu dienen kryptowährungen?
https://youtube.com/,"Enjoy the videos and music you love, upload original content, and share it all with friends, family, and the world on YouTube.",YouTube
https://baltbet.ru/prematch,"Букмекерская контора Балтбет, прием ставок онлайн — Линия",Букмекерская контора БалтБет. Ставки на спорт. Линия
https://als.dafabet.com/en/sports,"Dafabet Sportsbook, the leading sports gaming provider in Asia offers the finest betting experience! Sign-up now to claim your first deposit bonus!","Dafa Sports Online Sports Betting, Football Odds | Dafabet"
https://m.etsy.com/,"Find the perfect handmade gift, vintage & on-trend clothes, unique jewelry, and more… lots more.","Etsy - Shop for handmade, vintage, custom, and unique gifts for everyone"
https://northdevonhogroast.co.uk/?p=1989,"Allerdings benötigt man dazu sehr viel Geduld und Gelassenheit im Falle von Kursrückgängen, bei der der integrative Aspekt dominiert. Tagesgeld",Tagesgeld Uberweisung - Guthaben ohne einzahlung im casino - North Devon Hog Roast
